2,1936-03-05
3,1938-05-14
14,1938-07-30
23,1938-10-10
30,1938-11-06
50,1938-11-10
34,1938-11-28
35,1938-11-29
37,1938-12-02
40,1938-12-06
41,1938-12-09
46,1938-12-15
45,1938-12-20
47,1938-12-20
49,1938-12-29
48,1938-12-30
52,1939-01-01
54,1939-01-06
56,1939-01-11
57,1939-01-11
58,1939-01-12
59,1939-01-12
60,1939-01-12
61,1939-01-13
62,1939-01-13
63,1939-01-16
64,1939-01-19
65,1939-01-19
104,1939-01-19
66,1939-01-20
67,1939-01-20
68,1939-01-24
69,1939-01-26
70,1939-01-26
71,1939-01-26
72,1939-01-28
106,1939-01-28
107,1939-01-31
73,1939-02-01
75,1939-02-03
74,1939-02-04
105,1939-02-04
76,1939-02-06
77,1939-02-07
78,1939-02-09
79,1939-02-09
80,1939-02-10
81,1939-02-11
82,1939-02-13
83,1939-02-14
84,1939-02-15
85,1939-02-15
86,1939-02-16
87,1939-02-16
88,1939-02-19
89,1939-02-21
90,1939-02-21
91,1939-02-22
92,1939-02-23
93,1939-02-24
94,1939-02-24
96,1939-02-27
97,1939-02-28
95,1939-03-01
98,1939-03-02
99,1939-03-02
100,1939-03-03
102,1939-03-05
103,1939-03-07
109,1939-03-07
101,1939-03-08
108,1939-03-08
110,1939-03-09
111,1939-03-10
112,1939-03-10
113,1939-03-13
115,1939-03-13
114,1939-03-14
116,1939-03-15
117,1939-03-16
118,1939-03-17
119,1939-03-17
120,1939-03-19
121,1939-03-19
122,1939-03-21
124,1939-03-21
125,1939-03-22
123,1939-03-23
126,1939-03-23
127,1939-03-24
128,1939-03-25
129,1939-03-25
130,1939-03-26
131,1939-03-27
132,1939-03-28
133,1939-03-29
134,1939-03-30
135,1939-03-31
136,1939-04-01
137,1939-04-02
138,1939-04-03
139,1939-04-03
140,1939-04-04
141,1939-04-04
142,1939-04-06
143,1939-04-11
145,1939-04-12
146,1939-04-12
147,1939-04-13
148,1939-04-14
149,1939-04-15
150,1939-04-15
151,1939-04-16
153,1939-04-17
152,1939-04-18
154,1939-04-18
144,1939-04-19
155,1939-04-19
156,1939-04-19
157,1939-04-21
158,1939-04-21
159,1939-04-21
160,1939-04-22
161,1939-04-22
162,1939-04-24
163,1939-04-25
164,1939-04-26
165,1939-04-26
166,1939-04-27
167,1939-04-28
168,1939-04-28
169,1939-04-28
170,1939-05-01
171,1939-05-01
172,1939-05-01
173,1939-05-02
174,1939-05-02
176,1939-05-03
175,1939-05-04
178,1939-05-04
179,1939-05-04
181,1939-05-05
177,1939-05-08
180,1939-05-08
182,1939-05-08
183,1939-05-08
184,1939-05-09
185,1939-05-10
186,1939-05-10
187,1939-05-11
188,1939-05-11
189,1939-05-12
190,1939-05-12
191,1939-05-15
192,1939-05-15
193,1939-05-16
194,1939-05-16
195,1939-05-16
196,1939-05-16
197,1939-05-17
198,1939-05-17
199,1939-05-18
200,1939-05-19
201,1939-05-19
202,1939-05-20
203,1939-05-22
204,1939-05-23
205,1939-05-23
206,1939-05-23
207,1939-05-24
208,1939-05-24
209,1939-05-24
1,1939-05-25
210,1939-05-25
211,1939-05-26
212,1939-05-31
213,1939-06-01
214,1939-06-01
215,1939-06-01
216,1939-06-02
217,1939-06-02
218,1939-06-05
219,1939-06-05
220,1939-06-05
222,1939-06-06
221,1939-06-07
224,1939-06-07
225,1939-06-07
226,1939-06-08
227,1939-06-09
228,1939-06-10
229,1939-06-12
230,1939-06-12
231,1939-06-13
232,1939-06-14
234,1939-06-14
223,1939-06-15
233,1939-06-15
235,1939-06-15
236,1939-06-16
237,1939-06-16
239,1939-06-17
238,1939-06-19
240,1939-06-19
241,1939-06-20
242,1939-06-20
244,1939-06-21
243,1939-06-22
245,1939-06-22
246,1939-06-23
247,1939-06-23
248,1939-06-26
249,1939-06-26
251,1939-06-27
250,1939-06-28
252,1939-06-28
253,1939-06-29
254,1939-06-29
255,1939-06-29
256,1939-06-30
257,1939-06-30
258,1939-07-03
259,1939-07-03
260,1939-07-04
261,1939-07-04
262,1939-07-05
263,1939-07-05
265,1939-07-06
264,1939-07-07
266,1939-07-07
267,1939-07-07
268,1939-07-10
269,1939-07-11
270,1939-07-11
271,1939-07-12
272,1939-07-13
273,1939-07-13
274,1939-07-14
275,1939-07-14
276,1939-07-15
277,1939-07-15
278,1939-07-17
279,1939-07-18
280,1939-07-19
281,1939-07-20
283,1939-07-20
282,1939-07-21
285,1939-07-21
284,1939-07-24
286,1939-07-24
287,1939-07-26
288,1939-07-27
289,1939-08-09
291,1939-08-10
292,1939-08-11
293,1939-08-12
290,1939-08-14
294,1939-08-15
295,1939-08-16
296,1939-08-16
297,1939-08-17
298,1939-08-17
299,1939-08-19
300,1939-08-22
301,1939-08-22
302,1939-08-22
303,1939-08-23
304,1939-08-24
306,1939-08-24
305,1939-08-25
307,1939-08-30
309,1939-08-30
308,1939-08-31
310,1939-09-02
311,1939-09-04
312,1939-09-05
313,1939-09-06
314,1939-09-07
315,1939-09-08
316,1939-09-09
317,1939-09-11
318,1939-09-11
319,1939-09-13
320,1939-09-13
321,1939-09-14
322,1939-09-15
325,1939-09-16
323,1939-09-18
324,1939-09-18
326,1939-09-18
327,1939-09-20
328,1939-09-20
329,1939-09-20
330,1939-09-21
331,1939-09-22
332,1939-09-23
333,1939-09-24
334,1939-09-25
335,1939-09-26
336,1939-09-27
337,1939-09-27
338,1939-09-27
339,1939-09-28
340,1939-09-28
341,1939-09-29
342,1939-09-30
343,1939-10-01
344,1939-10-02
346,1939-10-02
345,1939-10-03
347,1939-10-03
348,1939-10-04
350,1939-10-04
349,1939-10-05
351,1939-10-06
352,1939-10-06
354,1939-10-06
353,1939-10-07
355,1939-10-08
356,1939-10-09
357,1939-10-09
358,1939-10-10
359,1939-10-10
360,1939-10-11
361,1939-10-11
362,1939-10-12
363,1939-10-12
364,1939-10-13
365,1939-10-13
366,1939-10-14
367,1939-10-14
368,1939-10-16
369,1939-10-16
370,1939-10-17
371,1939-10-17
372,1939-10-18
373,1939-10-18
375,1939-10-19
376,1939-10-19
377,1939-10-20
378,1939-10-20
379,1939-10-21
380,1939-10-21
381,1939-10-23
382,1939-10-23
374,1939-10-24
383,1939-10-24
384,1939-10-24
385,1939-10-25
386,1939-10-25
387,1939-10-26
388,1939-10-26
389,1939-10-27
390,1939-10-27
391,1939-10-28
392,1939-10-29
393,1939-10-30
394,1939-10-31
395,1939-10-31
396,1939-11-01
397,1939-11-01
398,1939-11-01
399,1939-11-02
400,1939-11-02
401,1939-11-03
402,1939-11-03
403,1939-11-04
404,1939-11-06
405,1939-11-06
406,1939-11-07
407,1939-11-07
408,1939-11-07
409,1939-11-08
410,1939-11-08
411,1939-11-09
412,1939-11-09
413,1939-11-10
414,1939-11-10
415,1939-11-11
416,1939-11-13
417,1939-11-13
423,1939-11-13
418,1939-11-14
419,1939-11-14
420,1939-11-15
421,1939-11-15
422,1939-11-16
424,1939-11-16
425,1939-11-17
426,1939-11-18
427,1939-11-18
428,1939-11-21
429,1939-11-21
430,1939-11-22
431,1939-11-22
432,1939-11-22
433,1939-11-23
434,1939-11-23
435,1939-11-24
436,1939-11-24
437,1939-11-25
438,1939-11-25
439,1939-11-27
440,1939-11-27
441,1939-11-28
442,1939-11-28
443,1939-11-29
444,1939-11-29
445,1939-11-30
446,1939-12-01
447,1939-12-02
448,1939-12-03
449,1939-12-03
450,1939-12-03
452,1939-12-04
451,1939-12-05
453,1939-12-05
454,1939-12-06
456,1939-12-06
455,1939-12-07
457,1939-12-07
458,1939-12-09
460,1939-12-09
459,1939-12-10
461,1939-12-10
462,1939-12-11
464,1939-12-12
463,1939-12-13
465,1939-12-13
466,1939-12-14
467,1939-12-14
468,1939-12-14
469,1939-12-15
470,1939-12-16
471,1939-12-18
472,1939-12-18
473,1939-12-19
474,1939-12-19
475,1939-12-21
476,1939-12-21
477,1939-12-22
478,1939-12-22
479,1939-12-29
480,1939-12-29
481,1939-12-29
482,1939-12-29
483,1940-01-01
484,1940-01-02
485,1940-01-02
486,1940-01-03
487,1940-01-03
488,1940-01-04
489,1940-01-05
490,1940-01-05
491,1940-01-05
492,1940-01-08
493,1940-01-09
494,1940-01-09
495,1940-01-09
496,1940-01-10
497,1940-01-11
499,1940-01-11
500,1940-01-12
501,1940-01-13
502,1940-01-15
504,1940-01-15
498,1940-01-16
503,1940-01-16
505,1940-01-16
506,1940-01-17
507,1940-01-18
508,1940-01-18
1513,1940-01-19
1514,1940-01-19
1515,1940-01-22
1517,1940-01-22
1516,1940-01-23
1518,1940-01-23
1519,1940-01-24
1520,1940-01-25
1521,1940-01-25
1522,1940-01-25
1523,1940-01-26
1524,1940-01-29
1525,1940-01-29
1526,1940-01-29
1527,1940-02-01
1528,1940-02-01
1529,1940-02-01
1530,1940-02-02
1531,1940-02-02
1532,1940-02-03
1533,1940-02-03
1534,1940-02-05
1535,1940-02-05
1536,1940-02-06
1537,1940-02-07
1538,1940-02-07
1539,1940-02-08
1540,1940-02-08
1541,1940-02-09
1542,1940-02-09
1543,1940-02-12
1545,1940-02-12
1546,1940-02-12
1544,1940-02-13
1547,1940-02-13
1548,1940-02-14
1549,1940-02-14
1550,1940-02-15
1551,1940-02-15
1552,1940-02-16
1553,1940-02-17
1554,1940-02-19
1555,1940-02-19
1556,1940-02-19
1557,1940-02-20
1558,1940-02-20
1559,1940-02-21
1560,1940-02-22
1561,1940-02-22
1562,1940-02-23
1563,1940-02-23
1564,1940-02-24
1565,1940-02-26
1566,1940-02-26
1567,1940-02-27
1568,1940-02-27
1569,1940-02-28
1570,1940-02-28
1571,1940-02-29
1572,1940-02-29
1573,1940-03-01
1574,1940-03-01
1576,1940-03-03
1575,1940-03-04
1578,1940-03-04
1577,1940-03-05
1579,1940-03-05
1580,1940-03-06
1581,1940-03-07
1582,1940-03-07
1583,1940-03-08
1584,1940-03-13
1585,1940-03-13
1586,1940-03-13
1587,1940-03-14
510,1940-03-15
1588,1940-03-15
1590,1940-03-15
1589,1940-03-16
1591,1940-03-16
1592,1940-03-19
1593,1940-03-19
1594,1940-03-19
1595,1940-03-19
1597,1940-03-20
1596,1940-03-21
1598,1940-03-21
1599,1940-03-21
1600,1940-03-27
1601,1940-03-27
1602,1940-03-28
1603,1940-03-28
1604,1940-03-28
1605,1940-03-29
1606,1940-03-29
1607,1940-03-30
1608,1940-03-30
1610,1940-03-31
1609,1940-04-01
1611,1940-04-01
1612,1940-04-02
1613,1940-04-02
1614,1940-04-03
1615,1940-04-03
1616,1940-04-04
1617,1940-04-04
1618,1940-04-05
1619,1940-04-05
1620,1940-04-05
1621,1940-04-06
1622,1940-04-06
1623,1940-04-07
1624,1940-04-08
1625,1940-04-08
1626,1940-04-08
1627,1940-04-09
1628,1940-04-09
1629,1940-04-10
1630,1940-04-10
1631,1940-04-10
1632,1940-04-11
1633,1940-04-11
1634,1940-04-11
1635,1940-04-12
1636,1940-04-12
1638,1940-04-12
1637,1940-04-13
1639,1940-04-13
1640,1940-04-14
1641,1940-04-15
1642,1940-04-15
1643,1940-04-16
1644,1940-04-16
1645,1940-04-17
1646,1940-04-17
1647,1940-04-17
1648,1940-04-18
1649,1940-04-18
1650,1940-04-19
1651,1940-04-19
1653,1940-04-20
1654,1940-04-20
1655,1940-04-21
1656,1940-04-21
1657,1940-04-23
1658,1940-04-23
1659,1940-04-23
1660,1940-04-23
1661,1940-04-23
1662,1940-04-24
1663,1940-04-25
1664,1940-04-25
1665,1940-04-26
1666,1940-04-27
1667,1940-04-27
1694,1940-04-27
1695,1940-04-29
1652,1940-04-30
1668,1940-04-30
1669,1940-04-30
1670,1940-04-30
1671,1940-05-01
1692,1940-05-01
1672,1940-05-02
1691,1940-05-02
1673,1940-05-03
1674,1940-05-03
1675,1940-05-03
1690,1940-05-03
1676,1940-05-04
1677,1940-05-04
1678,1940-05-06
1696,1940-05-07
1697,1940-05-07
1698,1940-05-07
1699,1940-05-07
1689,1940-05-08
1700,1940-05-08
1701,1940-05-08
1702,1940-05-09
1703,1940-05-10
1704,1940-05-10
1705,1940-05-10
1706,1940-05-13
1707,1940-05-13
1686,1940-05-14
1687,1940-05-14
1708,1940-05-14
1688,1940-05-15
1709,1940-05-15
1710,1940-05-15
1693,1940-05-16
1711,1940-05-16
1712,1940-05-16
1713,1940-05-17
1714,1940-05-18
1715,1940-05-18
1716,1940-05-18
1717,1940-05-19
1718,1940-05-20
1719,1940-05-20
1720,1940-05-21
1721,1940-05-21
1722,1940-05-22
1723,1940-05-22
1724,1940-05-22
1725,1940-05-23
1726,1940-05-23
1727,1940-05-23
1728,1940-05-24
1729,1940-05-24
1730,1940-05-24
1731,1940-05-24
1732,1940-05-25
1733,1940-05-25
1734,1940-05-26
1735,1940-05-26
1736,1940-05-26
1737,1940-05-27
1738,1940-05-27
1739,1940-05-27
1740,1940-05-28
1741,1940-05-28
1742,1940-05-28
1681,1940-05-29
1682,1940-05-29
1743,1940-05-29
1744,1940-05-29
1745,1940-05-30
1746,1940-05-30
1747,1940-05-30
1683,1940-05-31
1749,1940-05-31
1750,1940-06-01
1751,1940-06-01
1752,1940-06-02
1753,1940-06-02
1748,1940-06-03
1754,1940-06-03
1755,1940-06-03
1756,1940-06-04
1758,1940-06-04
1757,1940-06-05
1759,1940-06-05
1762,1940-06-05
1763,1940-06-05
1760,1940-06-06
1761,1940-06-06
1764,1940-06-06
1765,1940-06-07
1766,1940-06-07
1767,1940-06-07
1768,1940-06-07
1769,1940-06-07
1770,1940-06-08
1771,1940-06-08
1772,1940-06-08
1773,1940-06-09
1774,1940-06-09
1775,1940-06-10
1776,1940-06-10
1777,1940-06-11
1778,1940-06-11
1779,1940-06-11
1780,1940-06-11
1684,1940-06-12
1781,1940-06-12
1782,1940-06-12
1783,1940-06-12
1784,1940-06-12
1685,1940-06-13
1786,1940-06-13
1787,1940-06-13
1788,1940-06-13
1789,1940-06-14
1790,1940-06-14
1791,1940-06-14
1793,1940-06-14
1792,1940-06-15
1794,1940-06-15
1795,1940-06-15
1797,1940-06-16
1799,1940-06-17
1800,1940-06-17
1801,1940-06-17
1796,1940-06-18
1798,1940-06-18
1802,1940-06-18
1803,1940-06-19
1804,1940-06-19
1806,1940-06-19
1807,1940-06-19
1805,1940-06-20
1808,1940-06-20
1809,1940-06-20
1810,1940-06-20
1812,1940-06-21
1813,1940-06-21
1814,1940-06-21
1815,1940-06-21
1811,1940-06-22
1821,1940-06-23
1822,1940-06-23
1823,1940-06-23
1824,1940-06-23
1825,1940-06-24
1827,1940-06-24
1828,1940-06-24
1829,1940-06-25
1830,1940-06-25
1831,1940-06-25
1832,1940-06-25
1826,1940-06-26
1833,1940-06-26
1834,1940-06-26
1835,1940-06-26
1836,1940-06-27
1837,1940-06-27
1838,1940-06-27
1839,1940-06-27
1840,1940-06-28
1841,1940-06-28
1842,1940-06-28
1843,1940-06-28
1845,1940-06-29
1847,1940-06-29
1848,1940-06-29
1816,1940-06-30
1844,1940-06-30
1846,1940-06-30
1817,1940-07-01
1849,1940-07-01
1850,1940-07-01
1851,1940-07-01
1852,1940-07-02
1853,1940-07-02
1854,1940-07-02
1855,1940-07-02
1818,1940-07-03
1856,1940-07-03
1857,1940-07-03
1858,1940-07-03
1859,1940-07-04
1860,1940-07-04
1861,1940-07-04
1862,1940-07-04
1863,1940-07-05
1864,1940-07-05
1865,1940-07-05
1866,1940-07-05
1867,1940-07-05
1868,1940-07-06
1869,1940-07-06
1870,1940-07-06
1871,1940-07-08
1872,1940-07-08
1873,1940-07-08
1874,1940-07-08
1819,1940-07-09
1875,1940-07-09
1876,1940-07-09
1877,1940-07-09
1878,1940-07-09
1879,1940-07-09
1880,1940-07-10
1881,1940-07-10
1882,1940-07-10
1883,1940-07-10
1884,1940-07-11
1885,1940-07-11
1886,1940-07-11
1887,1940-07-11
1888,1940-07-11
1820,1940-07-12
1889,1940-07-12
1890,1940-07-12
1891,1940-07-12
1892,1940-07-12
1894,1940-07-13
1895,1940-07-13
1896,1940-07-13
1897,1940-07-13
1898,1940-07-14
1900,1940-07-14
1893,1940-07-15
1899,1940-07-15
1901,1940-07-15
1902,1940-07-15
1903,1940-07-15
1904,1940-07-15
1905,1940-07-16
1906,1940-07-16
1907,1940-07-16
1908,1940-07-16
1909,1940-07-16
1910,1940-07-17
1911,1940-07-17
1912,1940-07-17
1913,1940-07-17
1914,1940-07-17
1915,1940-07-17
1916,1940-07-18
1917,1940-07-18
1918,1940-07-18
1919,1940-07-18
1920,1940-07-18
1921,1940-07-19
1922,1940-07-19
1923,1940-07-19
1924,1940-07-19
1925,1940-07-19
1926,1940-07-19
1927,1940-07-20
1928,1940-07-20
1929,1940-07-20
1930,1940-07-20
1931,1940-07-21
1932,1940-07-21
1933,1940-07-22
1934,1940-07-22
1935,1940-07-22
1936,1940-07-22
1937,1940-07-23
1938,1940-07-23
1939,1940-07-23
1940,1940-07-23
1942,1940-07-23
1941,1940-07-24
1943,1940-07-24
1944,1940-07-24
1945,1940-07-24
2596,1940-07-24
2597,1940-07-24
2598,1940-07-24
2599,1940-07-25
2600,1940-07-25
2601,1940-07-25
2602,1940-07-25
2603,1940-07-25
2604,1940-07-25
2605,1940-07-26
2606,1940-07-26
2607,1940-07-26
2608,1940-07-26
2609,1940-07-26
2610,1940-07-26
2611,1940-07-27
2612,1940-07-27
2613,1940-07-27
2614,1940-07-28
2615,1940-07-28
2616,1940-07-28
2617,1940-07-28
2618,1940-07-29
2619,1940-07-29
2620,1940-07-29
2622,1940-07-29
2621,1940-07-30
2623,1940-07-30
2624,1940-07-30
2625,1940-07-30
2626,1940-07-30
2628,1940-07-31
2629,1940-07-31
2630,1940-07-31
2632,1940-07-31
2631,1940-08-01
2633,1940-08-01
2634,1940-08-01
2635,1940-08-01
2636,1940-08-01
2637,1940-08-01
2638,1940-08-02
2639,1940-08-02
2640,1940-08-02
2641,1940-08-03
2642,1940-08-03
2643,1940-08-03
2644,1940-08-03
2645,1940-08-03
2646,1940-08-04
2647,1940-08-04
2627,1940-08-05
2648,1940-08-05
2650,1940-08-05
2649,1940-08-06
2651,1940-08-06
2652,1940-08-06
2653,1940-08-07
2654,1940-08-07
2655,1940-08-07
2657,1940-08-07
2656,1940-08-08
2658,1940-08-08
2659,1940-08-08
2660,1940-08-08
2661,1940-08-08
2662,1940-08-09
2663,1940-08-09
2664,1940-08-09
2665,1940-08-09
2686,1940-08-09
2666,1940-08-10
2667,1940-08-10
2668,1940-08-10
2669,1940-08-10
2670,1940-08-11
2671,1940-08-11
2672,1940-08-11
2673,1940-08-11
2674,1940-08-12
2675,1940-08-12
2676,1940-08-12
2677,1940-08-12
2678,1940-08-12
2679,1940-08-13
2680,1940-08-13
2681,1940-08-13
2682,1940-08-13
2683,1940-08-14
2684,1940-08-14
2685,1940-08-14
2688,1940-08-14
2687,1940-08-15
2689,1940-08-15
2690,1940-08-15
2691,1940-08-16
2692,1940-08-16
2712,1940-08-16
2751,1940-08-16
2693,1940-08-17
2694,1940-08-17
2695,1940-08-17
2696,1940-08-18
2697,1940-08-18
2698,1940-08-19
2699,1940-08-19
2700,1940-08-19
2701,1940-08-19
2702,1940-08-20
2703,1940-08-20
2704,1940-08-20
2705,1940-08-20
2706,1940-08-20
2707,1940-08-20
2708,1940-08-21
2709,1940-08-21
2710,1940-08-21
2711,1940-08-21
2713,1940-08-21
2714,1940-08-22
2715,1940-08-22
2716,1940-08-22
2752,1940-08-22
2717,1940-08-23
2718,1940-08-23
2719,1940-08-23
2720,1940-08-23
2721,1940-08-24
2722,1940-08-24
2723,1940-08-24
2724,1940-08-24
2725,1940-08-24
2726,1940-08-25
2727,1940-08-25
2728,1940-08-26
2729,1940-08-26
2730,1940-08-26
2731,1940-08-27
2732,1940-08-27
2733,1940-08-27
2753,1940-08-27
2735,1940-08-28
2736,1940-08-28
2737,1940-08-28
2734,1940-08-29
2738,1940-08-29
2739,1940-08-29
2740,1940-08-29
2741,1940-08-29
2742,1940-08-29
2743,1940-08-30
2744,1940-08-30
2745,1940-08-30
2746,1940-08-30
2747,1940-08-30
2748,1940-08-31
2749,1940-08-31
2750,1940-08-31
2754,1940-08-31
2755,1940-09-02
2756,1940-09-02
2757,1940-09-02
2758,1940-09-02
2759,1940-09-03
2760,1940-09-03
2761,1940-09-03
2762,1940-09-03
2763,1940-09-03
2764,1940-09-04
2765,1940-09-04
2766,1940-09-04
2767,1940-09-05
2768,1940-09-05
2769,1940-09-05
2770,1940-09-05
2771,1940-09-05
2772,1940-09-06
2773,1940-09-06
2774,1940-09-06
2775,1940-09-06
2776,1940-09-06
2777,1940-09-06
2778,1940-09-06
2782,1940-09-07
2783,1940-09-07
2784,1940-09-08
2785,1940-09-08
2786,1940-09-09
2787,1940-09-09
2788,1940-09-09
2789,1940-09-10
2790,1940-09-10
2791,1940-09-10
2779,1940-09-11
2792,1940-09-11
2793,1940-09-11
2794,1940-09-11
2795,1940-09-11
2796,1940-09-11
2797,1940-09-12
2798,1940-09-12
2799,1940-09-12
2800,1940-09-12
2801,1940-09-13
2802,1940-09-13
2803,1940-09-13
2804,1940-09-13
2780,1940-09-14
2805,1940-09-14
2806,1940-09-14
2807,1940-09-14
2827,1940-09-14
2808,1940-09-16
2809,1940-09-16
2810,1940-09-16
1679,1940-09-17
2811,1940-09-17
2812,1940-09-17
2813,1940-09-17
2814,1940-09-17
2815,1940-09-18
2816,1940-09-18
2817,1940-09-19
2818,1940-09-19
2819,1940-09-19
2820,1940-09-19
2821,1940-09-19
2822,1940-09-19
2781,1940-09-20
2823,1940-09-20
2824,1940-09-20
2825,1940-09-20
2826,1940-09-20
2842,1940-09-20
2843,1940-09-21
2844,1940-09-21
2845,1940-09-21
2846,1940-09-22
2847,1940-09-22
2848,1940-09-22
2849,1940-09-23
2850,1940-09-23
2851,1940-09-23
2852,1940-09-23
2853,1940-09-24
2854,1940-09-24
2855,1940-09-24
2856,1940-09-24
2857,1940-09-25
2858,1940-09-25
2859,1940-09-25
2860,1940-09-25
2861,1940-09-26
2862,1940-09-27
2863,1940-09-27
2864,1940-09-27
2865,1940-09-27
2866,1940-09-28
2870,1940-09-28
2867,1940-09-29
2868,1940-09-30
2869,1940-09-30
2871,1940-09-30
2872,1940-10-01
2873,1940-10-01
2874,1940-10-01
2875,1940-10-01
2876,1940-10-02
2877,1940-10-02
2878,1940-10-02
2879,1940-10-03
2880,1940-10-03
2881,1940-10-03
2882,1940-10-03
2883,1940-10-04
2884,1940-10-04
2885,1940-10-04
2886,1940-10-04
2887,1940-10-05
2888,1940-10-05
2889,1940-10-06
2890,1940-10-07
2891,1940-10-07
2892,1940-10-07
2893,1940-10-09
2895,1940-10-10
2896,1940-10-12
2897,1940-10-13
2894,1940-10-15
2898,1940-10-15
2899,1940-10-16
2903,1940-10-16
2904,1940-10-17
2900,1940-10-18
2905,1940-10-18
2901,1940-10-19
2902,1940-10-19
2907,1940-10-19
2906,1940-10-21
2908,1940-10-21
2909,1940-10-21
2910,1940-10-21
2911,1940-10-22
2912,1940-10-22
2913,1940-10-23
2914,1940-10-23
2915,1940-10-23
2916,1940-10-24
2917,1940-10-24
2918,1940-10-24
2919,1940-10-25
2920,1940-10-25
2921,1940-10-25
2922,1940-10-26
2923,1940-10-26
2924,1940-10-26
2925,1940-10-28
2936,1940-10-28
2937,1940-10-29
2938,1940-10-30
2939,1940-10-30
2926,1940-10-31
2940,1940-10-31
2941,1940-10-31
2942,1940-10-31
2927,1940-11-01
2943,1940-11-01
2944,1940-11-01
2945,1940-11-02
2947,1940-11-02
2948,1940-11-03
2946,1940-11-04
2949,1940-11-04
2950,1940-11-04
2951,1940-11-05
2952,1940-11-05
2953,1940-11-05
2954,1940-11-05
2955,1940-11-06
2956,1940-11-06
2957,1940-11-07
2958,1940-11-07
2959,1940-11-08
2960,1940-11-08
2961,1940-11-08
2962,1940-11-09
2963,1940-11-09
2964,1940-11-09
2965,1940-11-10
2966,1940-11-10
2967,1940-11-11
2968,1940-11-11
2987,1940-11-11
2969,1940-11-12
2970,1940-11-12
2971,1940-11-12
2972,1940-11-13
2973,1940-11-13
2974,1940-11-14
2975,1940-11-14
2976,1940-11-14
2977,1940-11-14
2978,1940-11-14
2979,1940-11-15
2981,1940-11-16
2982,1940-11-17
2983,1940-11-18
2984,1940-11-18
2985,1940-11-18
2980,1940-11-19
2986,1940-11-19
2988,1940-11-20
2989,1940-11-20
2990,1940-11-21
2992,1940-11-21
2993,1940-11-22
2991,1940-11-23
2995,1940-11-23
2996,1940-11-23
2994,1940-11-24
2998,1940-11-26
3003,1940-11-27
3008,1940-11-28
3001,1940-11-29
3005,1940-11-29
3007,1940-11-29
3009,1940-11-30
3010,1940-12-02
3011,1940-12-03
3012,1940-12-03
3013,1940-12-04
3014,1940-12-04
3015,1940-12-05
3016,1940-12-06
3017,1940-12-06
3018,1940-12-07
3019,1940-12-08
3021,1940-12-09
3020,1940-12-10
3022,1940-12-10
3023,1940-12-11
3024,1940-12-11
3025,1940-12-12
3026,1940-12-12
3027,1940-12-13
3028,1940-12-13
3029,1940-12-14
3030,1940-12-14
3031,1940-12-15
3032,1940-12-16
3033,1940-12-16
3034,1940-12-17
3035,1940-12-17
3036,1940-12-18
3037,1940-12-19
3038,1940-12-19
3039,1940-12-19
3040,1940-12-20
3041,1940-12-21
3042,1940-12-21
3043,1940-12-22
3044,1940-12-23
3045,1940-12-23
3047,1940-12-23
3046,1940-12-26
3048,1940-12-27
3049,1940-12-28
3050,1940-12-28
3051,1940-12-29
3052,1940-12-29
3053,1940-12-30
3054,1940-12-30
3055,1941-01-01
3056,1941-01-01
3058,1941-01-02
3057,1941-01-03
3059,1941-01-03
3060,1941-01-05
3061,1941-01-07
3062,1941-01-07
3063,1941-01-07
3064,1941-01-08
3065,1941-01-08
3068,1941-01-09
3066,1941-01-10
3067,1941-01-11
3069,1941-01-11
3070,1941-01-13
3071,1941-01-13
3072,1941-01-14
3074,1941-01-14
3073,1941-01-16
3075,1941-01-16
3076,1941-01-17
3077,1941-01-17
3078,1941-01-17
3080,1941-01-18
3083,1941-01-20
3079,1941-01-21
3085,1941-01-22
3086,1941-01-22
3087,1941-01-22
3088,1941-01-23
3084,1941-01-24
3089,1941-01-24
3091,1941-01-24
3093,1941-01-25
3094,1941-01-27
3095,1941-01-27
1946,1941-01-28
1947,1941-01-28
1950,1941-01-28
1948,1941-01-29
1949,1941-01-29
3090,1941-01-29
1951,1941-01-30
1970,1941-01-31
1971,1941-01-31
1972,1941-02-01
1973,1941-02-01
1974,1941-02-03
1975,1941-02-03
1976,1941-02-03
1977,1941-02-05
1978,1941-02-05
1979,1941-02-05
1980,1941-02-06
1981,1941-02-06
1982,1941-02-06
1983,1941-02-07
1984,1941-02-07
1985,1941-02-07
1986,1941-02-08
1987,1941-02-08
1988,1941-02-08
1989,1941-02-10
1990,1941-02-10
1991,1941-02-10
1993,1941-02-11
1995,1941-02-11
1997,1941-02-12
1992,1941-02-13
1994,1941-02-13
1996,1941-02-13
1998,1941-02-13
2000,1941-02-14
2001,1941-02-14
2003,1941-02-14
1999,1941-02-15
2002,1941-02-15
2005,1941-02-15
2007,1941-02-15
2008,1941-02-16
2004,1941-02-17
2006,1941-02-17
2009,1941-02-18
2010,1941-02-18
2011,1941-02-19
2012,1941-02-19
2013,1941-02-19
3081,1941-02-19
2014,1941-02-20
2015,1941-02-20
2017,1941-02-20
2018,1941-02-20
2016,1941-02-21
2020,1941-02-21
2019,1941-02-22
2021,1941-02-22
2022,1941-02-22
2023,1941-02-23
2024,1941-02-24
2026,1941-02-24
2025,1941-02-25
2027,1941-02-25
2028,1941-02-26
2029,1941-02-26
2031,1941-02-27
2030,1941-02-28
2032,1941-02-28
2033,1941-02-28
2034,1941-03-01
2036,1941-03-01
2037,1941-03-01
2039,1941-03-02
2040,1941-03-03
2042,1941-03-04
2043,1941-03-04
2044,1941-03-04
2035,1941-03-06
2045,1941-03-06
2046,1941-03-06
2047,1941-03-06
2049,1941-03-07
2038,1941-03-08
2048,1941-03-08
2050,1941-03-08
2051,1941-03-08
2052,1941-03-08
2041,1941-03-10
2053,1941-03-10
2057,1941-03-11
2054,1941-03-12
2055,1941-03-12
2058,1941-03-12
2060,1941-03-13
3092,1941-03-13
2056,1941-03-14
2061,1941-03-14
2062,1941-03-15
2063,1941-03-15
2065,1941-03-16
2064,1941-03-17
2066,1941-03-18
2078,1941-03-18
2079,1941-03-18
2067,1941-03-19
2069,1941-03-19
2068,1941-03-20
2070,1941-03-20
2071,1941-03-21
2072,1941-03-21
2073,1941-03-21
2059,1941-03-22
2074,1941-03-22
2090,1941-03-24
2075,1941-03-25
2093,1941-03-25
2076,1941-03-26
2089,1941-03-26
2104,1941-03-26
2077,1941-03-27
2080,1941-03-27
2088,1941-03-27
2091,1941-03-27
2095,1941-03-28
2106,1941-03-28
2081,1941-03-29
2082,1941-03-29
2094,1941-03-29
2097,1941-03-29
2099,1941-03-29
2108,1941-03-29
2083,1941-03-31
2092,1941-03-31
2110,1941-03-31
2112,1941-04-01
2096,1941-04-02
2098,1941-04-02
2100,1941-04-02
2101,1941-04-03
2114,1941-04-03
2116,1941-04-03
2102,1941-04-04
2105,1941-04-04
2084,1941-04-05
2085,1941-04-05
2103,1941-04-05
2107,1941-04-05
2109,1941-04-05
2129,1941-04-05
2131,1941-04-07
2111,1941-04-08
2113,1941-04-08
2132,1941-04-08
2086,1941-04-09
2115,1941-04-09
2117,1941-04-09
2087,1941-04-10
2135,1941-04-10
2118,1941-04-11
2128,1941-04-11
2130,1941-04-11
2133,1941-04-11
2134,1941-04-12
2139,1941-04-12
2183,1941-04-12
2138,1941-04-15
2141,1941-04-15
2136,1941-04-16
2119,1941-04-17
2137,1941-04-17
2140,1941-04-17
2142,1941-04-18
2120,1941-04-19
2121,1941-04-19
2143,1941-04-19
2144,1941-04-19
2157,1941-04-19
2159,1941-04-19
2161,1941-04-20
2145,1941-04-21
2163,1941-04-21
2156,1941-04-22
2162,1941-04-22
2164,1941-04-22
2122,1941-04-23
2158,1941-04-23
2165,1941-04-23
2123,1941-04-24
2160,1941-04-24
2166,1941-04-25
2167,1941-04-25
2168,1941-04-25
2124,1941-04-26
2149,1941-04-26
2169,1941-04-26
2170,1941-04-26
2184,1941-04-26
2171,1941-04-28
2125,1941-04-29
2172,1941-04-29
2173,1941-04-29
2177,1941-04-29
2126,1941-04-30
2175,1941-04-30
2176,1941-04-30
2178,1941-05-01
2127,1941-05-02
2174,1941-05-02
2179,1941-05-02
2180,1941-05-02
2146,1941-05-03
2181,1941-05-03
2928,1941-05-03
2929,1941-05-05
2932,1941-05-05
2930,1941-05-06
2931,1941-05-07
2933,1941-05-07
2147,1941-05-08
2148,1941-05-08
2182,1941-05-09
2185,1941-05-09
2186,1941-05-09
2934,1941-05-09
2935,1941-05-09
1785,1941-05-10
2153,1941-05-10
2193,1941-05-10
2195,1941-05-10
2194,1941-05-12
2196,1941-05-12
2150,1941-05-13
2197,1941-05-13
2198,1941-05-13
2199,1941-05-13
2151,1941-05-14
2187,1941-05-14
2200,1941-05-14
2201,1941-05-14
2202,1941-05-14
2203,1941-05-14
2204,1941-05-15
2152,1941-05-16
2154,1941-05-16
2205,1941-05-16
2216,1941-05-16
2155,1941-05-17
2188,1941-05-17
2218,1941-05-17
2219,1941-05-17
2220,1941-05-17
2189,1941-05-19
2221,1941-05-19
2276,1941-05-19
2190,1941-05-20
2222,1941-05-20
2223,1941-05-20
2224,1941-05-20
2277,1941-05-20
1952,1941-05-21
2226,1941-05-21
1953,1941-05-22
2227,1941-05-22
2228,1941-05-22
2278,1941-05-22
2191,1941-05-23
2229,1941-05-23
2230,1941-05-23
2279,1941-05-23
2206,1941-05-24
2231,1941-05-24
2232,1941-05-24
2233,1941-05-24
2234,1941-05-24
2280,1941-05-24
2235,1941-05-26
2236,1941-05-26
2207,1941-05-27
2208,1941-05-27
2237,1941-05-27
2238,1941-05-27
2239,1941-05-28
2240,1941-05-28
2192,1941-05-29
2241,1941-05-29
2242,1941-05-29
2281,1941-05-29
2210,1941-05-30
2212,1941-05-30
2225,1941-05-30
2243,1941-05-30
2282,1941-05-30
2283,1941-05-30
2209,1941-05-31
2213,1941-05-31
2244,1941-05-31
2245,1941-05-31
2246,1941-05-31
2211,1941-06-04
2217,1941-06-04
2247,1941-06-04
2248,1941-06-04
2249,1941-06-04
2250,1941-06-04
2284,1941-06-04
2251,1941-06-05
2252,1941-06-05
2285,1941-06-05
2214,1941-06-06
2253,1941-06-06
2254,1941-06-06
2215,1941-06-07
2255,1941-06-07
2256,1941-06-07
2257,1941-06-07
2258,1941-06-07
2286,1941-06-07
2287,1941-06-07
2296,1941-06-07
2298,1941-06-07
2259,1941-06-09
2260,1941-06-10
2261,1941-06-11
2262,1941-06-11
2288,1941-06-11
2289,1941-06-11
2290,1941-06-11
2297,1941-06-11
2301,1941-06-11
2263,1941-06-12
2264,1941-06-12
2302,1941-06-12
2265,1941-06-13
2291,1941-06-13
2292,1941-06-13
2299,1941-06-13
2300,1941-06-13
2266,1941-06-14
2267,1941-06-14
2268,1941-06-14
2270,1941-06-14
2293,1941-06-14
2303,1941-06-14
2304,1941-06-14
2305,1941-06-14
2269,1941-06-16
2271,1941-06-17
2294,1941-06-17
2346,1941-06-17
2347,1941-06-17
2348,1941-06-17
2273,1941-06-18
2274,1941-06-18
2350,1941-06-18
2295,1941-06-19
2361,1941-06-19
2362,1941-06-19
2275,1941-06-20
2349,1941-06-20
2363,1941-06-20
2272,1941-06-21
2306,1941-06-21
2307,1941-06-21
2308,1941-06-21
2309,1941-06-21
2351,1941-06-21
2352,1941-06-21
2353,1941-06-21
2354,1941-06-21
2355,1941-06-21
2364,1941-06-21
2310,1941-06-22
2311,1941-06-22
2312,1941-06-24
2313,1941-06-24
2314,1941-06-25
2316,1941-06-25
2356,1941-06-25
2365,1941-06-25
2317,1941-06-26
2357,1941-06-26
2366,1941-06-26
2318,1941-06-27
2319,1941-06-27
2358,1941-06-27
2368,1941-06-27
2320,1941-06-28
2321,1941-06-28
2322,1941-06-28
2323,1941-06-28
2359,1941-06-28
2360,1941-06-28
2367,1941-06-28
2370,1941-06-28
2315,1941-06-30
2324,1941-07-01
2325,1941-07-01
2376,1941-07-01
2326,1941-07-02
2369,1941-07-02
2377,1941-07-02
2327,1941-07-03
2328,1941-07-03
2329,1941-07-03
2371,1941-07-03
2372,1941-07-03
2378,1941-07-03
2381,1941-07-03
2330,1941-07-04
2331,1941-07-04
2373,1941-07-04
2379,1941-07-04
2332,1941-07-05
2333,1941-07-05
2334,1941-07-05
2335,1941-07-05
2336,1941-07-05
2374,1941-07-05
2380,1941-07-05
2338,1941-07-07
2375,1941-07-08
2382,1941-07-08
2383,1941-07-09
2337,1941-07-10
2339,1941-07-10
2341,1941-07-10
2340,1941-07-11
2342,1941-07-11
2384,1941-07-11
2385,1941-07-11
2396,1941-07-11
2343,1941-07-12
2344,1941-07-12
2345,1941-07-12
2386,1941-07-12
2397,1941-07-12
2398,1941-07-12
2399,1941-07-12
2417,1941-07-12
2387,1941-07-14
2416,1941-07-14
2418,1941-07-14
2388,1941-07-15
2419,1941-07-15
2420,1941-07-15
1960,1941-07-16
2389,1941-07-16
2421,1941-07-16
2422,1941-07-16
2390,1941-07-17
2400,1941-07-17
2423,1941-07-17
2424,1941-07-17
1961,1941-07-19
2391,1941-07-19
2392,1941-07-19
2401,1941-07-19
2402,1941-07-19
2403,1941-07-19
2404,1941-07-19
2425,1941-07-19
2426,1941-07-19
2427,1941-07-19
2428,1941-07-19
2429,1941-07-19
2446,1941-07-19
2430,1941-07-28
2431,1941-07-29
2393,1941-07-30
2394,1941-07-30
2395,1941-07-31
2405,1941-07-31
2406,1941-07-31
2433,1941-07-31
2461,1941-07-31
1962,1941-08-01
2407,1941-08-01
2435,1941-08-01
2437,1941-08-01
2462,1941-08-01
1963,1941-08-02
2408,1941-08-02
2409,1941-08-02
2434,1941-08-02
2436,1941-08-02
2438,1941-08-02
2439,1941-08-02
2463,1941-08-02
2410,1941-08-05
2440,1941-08-05
1964,1941-08-06
2441,1941-08-06
2442,1941-08-06
2464,1941-08-06
2411,1941-08-07
2443,1941-08-07
2444,1941-08-07
2465,1941-08-07
2466,1941-08-07
1965,1941-08-08
2412,1941-08-08
2413,1941-08-08
2445,1941-08-08
2467,1941-08-08
2476,1941-08-08
1966,1941-08-09
2414,1941-08-09
2468,1941-08-09
2477,1941-08-09
2478,1941-08-09
2479,1941-08-09
2480,1941-08-11
2481,1941-08-12
2482,1941-08-12
1967,1941-08-13
2415,1941-08-13
2456,1941-08-13
2469,1941-08-13
2470,1941-08-13
2483,1941-08-13
1969,1941-08-14
2457,1941-08-14
2471,1941-08-14
2472,1941-08-14
2484,1941-08-14
2485,1941-08-14
2486,1941-08-14
2487,1941-08-14
2458,1941-08-16
2459,1941-08-16
2460,1941-08-16
2473,1941-08-16
2474,1941-08-16
2475,1941-08-16
2488,1941-08-16
2489,1941-08-16
2490,1941-08-18
2491,1941-08-18
2492,1941-08-19
2493,1941-08-19
2496,1941-08-19
2497,1941-08-19
2447,1941-08-20
2448,1941-08-20
2494,1941-08-20
2495,1941-08-20
2498,1941-08-20
886,1941-08-21
2506,1941-08-21
3146,1941-08-21
2449,1941-08-22
2450,1941-08-22
2451,1941-08-22
2499,1941-08-22
2500,1941-08-22
2501,1941-08-22
2507,1941-08-22
2508,1941-08-22
3147,1941-08-22
2502,1941-08-23
2509,1941-08-23
2510,1941-08-23
1968,1941-08-24
3148,1941-08-24
2504,1941-08-25
2511,1941-08-25
2452,1941-08-26
2503,1941-08-26
2505,1941-08-26
2512,1941-08-26
2513,1941-08-26
2514,1941-08-26
3149,1941-08-26
2453,1941-08-27
2454,1941-08-27
2515,1941-08-27
2516,1941-08-27
3150,1941-08-27
2455,1941-08-28
2517,1941-08-28
2518,1941-08-28
2519,1941-08-29
2520,1941-08-29
2521,1941-08-29
3097,1941-08-29
3151,1941-08-29
2522,1941-08-30
2523,1941-08-30
2556,1941-08-30
2557,1941-08-30
2558,1941-08-30
2559,1941-08-30
3096,1941-08-30
3098,1941-08-30
3099,1941-08-30
3714,1941-08-30
2524,1941-09-01
2525,1941-09-02
2526,1941-09-02
2527,1941-09-03
2528,1941-09-03
3100,1941-09-03
2529,1941-09-04
2560,1941-09-04
2561,1941-09-04
2562,1941-09-04
3101,1941-09-04
3102,1941-09-04
3152,1941-09-04
3153,1941-09-04
2530,1941-09-05
2531,1941-09-05
2563,1941-09-05
2564,1941-09-05
3103,1941-09-05
3104,1941-09-05
3154,1941-09-05
2532,1941-09-06
2533,1941-09-06
3105,1941-09-06
3106,1941-09-06
2534,1941-09-08
2535,1941-09-08
2565,1941-09-08
2536,1941-09-09
2566,1941-09-09
3107,1941-09-09
3108,1941-09-09
2537,1941-09-10
2538,1941-09-10
2539,1941-09-10
3109,1941-09-10
3110,1941-09-10
2540,1941-09-11
2541,1941-09-11
2542,1941-09-11
2567,1941-09-11
2568,1941-09-11
3111,1941-09-11
2543,1941-09-12
2569,1941-09-12
2570,1941-09-12
3112,1941-09-12
3155,1941-09-12
3156,1941-09-12
2544,1941-09-13
2545,1941-09-13
2546,1941-09-13
2547,1941-09-13
2571,1941-09-13
2572,1941-09-13
3113,1941-09-13
3114,1941-09-13
3157,1941-09-13
2548,1941-09-15
3158,1941-09-15
2549,1941-09-16
2550,1941-09-16
3159,1941-09-16
2551,1941-09-17
2552,1941-09-17
2573,1941-09-17
2574,1941-09-17
3115,1941-09-17
3116,1941-09-17
2553,1941-09-18
2554,1941-09-18
2575,1941-09-18
2576,1941-09-18
3117,1941-09-18
2555,1941-09-19
3118,1941-09-19
3119,1941-09-19
3160,1941-09-19
3181,1941-09-19
3120,1941-09-20
3122,1941-09-20
3161,1941-09-20
3182,1941-09-20
3183,1941-09-20
3184,1941-09-22
3185,1941-09-22
3121,1941-09-23
3186,1941-09-23
3187,1941-09-23
2577,1941-09-24
3123,1941-09-24
3188,1941-09-24
2578,1941-09-25
2579,1941-09-25
3124,1941-09-25
3125,1941-09-25
3189,1941-09-25
3190,1941-09-25
2580,1941-09-26
3126,1941-09-26
3191,1941-09-26
3192,1941-09-26
2432,1941-09-27
2581,1941-09-27
3127,1941-09-27
3193,1941-09-27
3194,1941-09-27
2582,1941-09-29
3128,1941-09-29
3163,1941-09-29
3164,1941-09-29
3165,1941-09-29
3166,1941-09-29
3195,1941-09-29
3196,1941-09-29
2583,1941-09-30
2584,1941-09-30
3129,1941-09-30
3130,1941-09-30
3131,1941-09-30
3162,1941-09-30
3167,1941-09-30
3197,1941-09-30
3198,1941-09-30
3200,1941-09-30
3201,1941-10-01
2585,1941-10-02
2586,1941-10-02
3168,1941-10-02
3132,1941-10-03
3202,1941-10-03
3133,1941-10-05
3199,1941-10-05
3203,1941-10-05
2587,1941-10-06
2588,1941-10-06
3169,1941-10-06
3170,1941-10-06
2589,1941-10-07
3134,1941-10-07
3204,1941-10-07
3205,1941-10-07
3135,1941-10-08
3206,1941-10-08
2590,1941-10-09
3136,1941-10-09
3172,1941-10-09
3207,1941-10-09
2591,1941-10-10
3138,1941-10-10
3208,1941-10-10
3209,1941-10-10
3211,1941-10-10
2593,1941-10-11
3137,1941-10-11
3139,1941-10-11
3140,1941-10-11
3173,1941-10-11
3212,1941-10-13
2592,1941-10-14
2594,1941-10-14
3171,1941-10-14
3213,1941-10-14
3214,1941-10-14
3964,1941-10-14
3141,1941-10-15
3215,1941-10-15
3216,1941-10-15
2595,1941-10-16
3142,1941-10-17
3144,1941-10-17
3174,1941-10-17
3175,1941-10-17
3217,1941-10-17
3251,1941-10-17
3143,1941-10-18
3220,1941-10-18
3145,1941-10-19
3176,1941-10-19
3252,1941-10-20
3210,1941-10-21
3254,1941-10-21
3177,1941-10-22
3219,1941-10-22
3231,1941-10-22
3232,1941-10-22
3255,1941-10-23
3256,1941-10-23
3178,1941-10-24
3222,1941-10-24
3179,1941-10-25
3221,1941-10-25
3224,1941-10-25
3233,1941-10-25
3234,1941-10-25
3223,1941-10-26
3225,1941-10-26
3227,1941-10-27
3228,1941-10-27
3235,1941-10-27
3253,1941-10-27
3180,1941-10-28
3229,1941-10-28
3230,1941-10-28
3236,1941-10-28
3257,1941-10-28
3258,1941-10-28
3237,1941-10-29
3259,1941-10-29
3260,1941-10-29
3277,1941-10-29
3261,1941-10-30
3264,1941-10-30
3265,1941-10-30
3278,1941-10-30
3279,1941-10-30
3296,1941-10-30
3226,1941-10-31
3238,1941-10-31
3239,1941-10-31
3240,1941-10-31
3241,1941-10-31
3242,1941-10-31
3243,1941-10-31
3262,1941-10-31
3263,1941-10-31
3280,1941-10-31
3282,1941-10-31
3283,1941-10-31
3297,1941-10-31
3244,1941-11-01
3284,1941-11-01
3245,1941-11-03
3267,1941-11-03
3246,1941-11-04
3285,1941-11-04
3266,1941-11-05
3286,1941-11-05
3287,1941-11-05
3298,1941-11-05
3268,1941-11-06
3247,1941-11-07
3269,1941-11-07
3299,1941-11-07
3248,1941-11-08
3249,1941-11-08
3271,1941-11-08
3276,1941-11-08
3281,1941-11-08
3288,1941-11-08
3300,1941-11-08
3301,1941-11-08
3291,1941-11-10
3250,1941-11-11
3292,1941-11-11
3311,1941-11-11
3270,1941-11-12
3272,1941-11-12
3289,1941-11-12
3312,1941-11-12
3313,1941-11-12
3294,1941-11-14
3314,1941-11-14
3273,1941-11-15
3274,1941-11-15
3290,1941-11-15
3293,1941-11-15
3302,1941-11-15
3303,1941-11-15
3304,1941-11-15
3305,1941-11-15
3306,1941-11-15
3315,1941-11-15
3316,1941-11-15
3331,1941-11-15
3333,1941-11-15
3295,1941-11-17
3275,1941-11-18
3336,1941-11-18
3318,1941-11-19
3322,1941-11-19
3307,1941-11-20
3319,1941-11-20
3320,1941-11-20
3321,1941-11-20
3335,1941-11-20
3337,1941-11-20
3339,1941-11-20
3323,1941-11-21
3338,1941-11-21
3381,1941-11-21
3382,1941-11-21
3308,1941-11-22
3309,1941-11-22
3324,1941-11-22
3325,1941-11-22
3343,1941-11-22
3344,1941-11-22
3383,1941-11-22
3384,1941-11-22
3317,1941-11-23
3342,1941-11-23
3326,1941-11-25
3347,1941-11-25
3349,1941-11-25
3385,1941-11-25
3310,1941-11-26
3345,1941-11-26
3386,1941-11-26
3387,1941-11-26
3426,1941-11-26
3327,1941-11-27
3328,1941-11-27
3346,1941-11-27
3350,1941-11-27
3348,1941-11-28
3329,1941-11-29
3351,1941-11-29
3352,1941-11-29
3388,1941-11-29
3389,1941-11-29
3390,1941-11-29
3391,1941-11-29
3406,1941-11-29
3330,1941-11-30
3332,1941-11-30
3353,1941-11-30
3354,1941-11-30
3392,1941-11-30
3393,1941-11-30
3407,1941-11-30
3427,1941-11-30
3428,1941-11-30
3429,1941-11-30
3355,1941-12-01
3356,1941-12-01
3394,1941-12-01
3357,1941-12-03
3358,1941-12-03
3408,1941-12-03
3396,1941-12-04
3361,1941-12-05
3397,1941-12-05
3409,1941-12-05
3410,1941-12-05
3430,1941-12-05
3431,1941-12-05
3395,1941-12-06
3398,1941-12-06
3399,1941-12-06
3411,1941-12-06
3412,1941-12-06
3432,1941-12-06
3341,1941-12-07
3400,1941-12-07
3340,1941-12-10
3359,1941-12-10
3413,1941-12-10
3414,1941-12-10
3360,1941-12-11
3362,1941-12-11
3363,1941-12-11
3415,1941-12-11
3416,1941-12-12
3433,1941-12-12
3434,1941-12-12
3365,1941-12-13
3367,1941-12-13
3369,1941-12-13
3417,1941-12-13
3446,1941-12-13
3435,1941-12-15
3447,1941-12-15
3418,1941-12-16
3436,1941-12-16
3419,1941-12-17
3366,1941-12-18
3368,1941-12-18
3370,1941-12-18
3371,1941-12-18
3437,1941-12-18
3448,1941-12-18
3450,1941-12-18
3420,1941-12-19
3372,1941-12-20
3373,1941-12-20
3374,1941-12-20
3421,1941-12-20
3422,1941-12-20
3423,1941-12-20
3376,1941-12-22
3377,1941-12-22
3379,1941-12-22
3380,1941-12-23
3424,1941-12-23
3438,1941-12-23
3440,1941-12-23
3441,1941-12-23
3451,1941-12-23
3476,1941-12-23
3477,1941-12-24
3452,1941-12-25
3449,1941-12-26
3378,1941-12-27
3453,1941-12-27
3454,1941-12-27
3479,1941-12-27
3442,1941-12-28
3455,1941-12-28
3425,1941-12-29
3439,1941-12-29
3443,1941-12-29
3456,1941-12-29
3478,1941-12-29
3480,1941-12-29
3481,1941-12-29
3496,1941-12-29
3457,1941-12-30
3482,1941-12-30
3445,1941-12-31
3458,1941-12-31
3483,1941-12-31
3484,1942-01-01
3485,1942-01-01
3444,1942-01-02
3459,1942-01-02
3497,1942-01-02
3498,1942-01-02
3516,1942-01-02
3460,1942-01-03
3486,1942-01-03
3488,1942-01-03
3499,1942-01-03
3500,1942-01-03
3218,1942-01-04
3461,1942-01-05
3487,1942-01-06
3501,1942-01-06
3517,1942-01-06
3462,1942-01-07
3463,1942-01-07
3491,1942-01-07
3518,1942-01-07
3464,1942-01-08
3465,1942-01-08
3489,1942-01-08
3490,1942-01-08
3493,1942-01-08
3502,1942-01-08
3494,1942-01-09
3503,1942-01-09
3519,1942-01-09
3520,1942-01-09
3466,1942-01-10
3467,1942-01-10
3468,1942-01-10
3492,1942-01-10
3495,1942-01-10
3504,1942-01-10
3546,1942-01-10
3506,1942-01-11
3547,1942-01-12
3505,1942-01-13
3507,1942-01-13
3469,1942-01-14
3550,1942-01-15
3551,1942-01-15
3552,1942-01-15
3553,1942-01-15
3548,1942-01-16
3554,1942-01-16
3470,1942-01-17
3471,1942-01-17
3510,1942-01-17
3555,1942-01-17
3556,1942-01-17
3375,1942-01-24
3403,1942-01-24
3404,1942-01-24
3405,1942-01-24
3472,1942-01-24
3473,1942-01-24
3474,1942-01-24
3475,1942-01-24
3508,1942-01-24
3509,1942-01-24
3558,1942-01-24
3560,1942-01-24
3563,1942-01-24
5396,1942-01-24
3401,1942-01-25
3511,1942-01-25
3521,1942-01-25
3522,1942-01-25
3523,1942-01-25
3559,1942-01-25
3564,1942-01-25
3364,1942-01-26
3402,1942-01-26
3524,1942-01-26
3525,1942-01-26
3513,1942-01-27
3514,1942-01-27
3515,1942-01-27
3561,1942-01-28
3566,1942-01-28
3567,1942-01-28
5397,1942-01-28
5398,1942-01-28
5431,1942-01-28
5433,1942-01-28
3568,1942-01-29
3528,1942-01-31
3530,1942-01-31
3549,1942-01-31
3557,1942-01-31
3562,1942-01-31
3569,1942-01-31
3570,1942-01-31
3571,1942-01-31
5400,1942-01-31
5432,1942-01-31
5434,1942-01-31
5435,1942-01-31
3334,1942-02-04
3512,1942-02-04
3565,1942-02-04
5401,1942-02-04
5402,1942-02-04
5407,1942-02-04
3574,1942-02-06
3573,1942-02-07
3575,1942-02-07
3576,1942-02-07
5436,1942-02-07
5437,1942-02-07
3577,1942-02-08
3529,1942-02-10
3572,1942-02-10
3578,1942-02-10
5399,1942-02-10
5403,1942-02-10
5404,1942-02-10
5405,1942-02-10
5408,1942-02-10
5409,1942-02-10
5438,1942-02-10
3531,1942-02-11
3532,1942-02-11
5439,1942-02-11
5440,1942-02-11
3535,1942-02-12
3536,1942-02-12
3580,1942-02-12
3582,1942-02-12
3586,1942-02-12
5410,1942-02-12
3537,1942-02-14
3538,1942-02-14
3579,1942-02-14
3581,1942-02-14
5406,1942-02-14
5411,1942-02-14
5441,1942-02-14
5443,1942-02-14
5412,1942-02-15
3583,1942-02-16
5413,1942-02-17
5414,1942-02-18
3539,1942-02-19
3584,1942-02-20
3540,1942-02-21
3585,1942-02-21
3587,1942-02-21
3589,1942-02-21
3590,1942-02-21
3591,1942-02-21
5415,1942-02-21
5416,1942-02-21
5442,1942-02-21
5444,1942-02-21
5445,1942-02-21
3594,1942-02-22
5446,1942-02-23
3534,1942-02-24
3542,1942-02-24
3595,1942-02-25
3543,1942-02-27
3544,1942-02-27
5418,1942-02-27
5419,1942-02-27
5447,1942-02-27
5448,1942-02-27
5562,1942-02-27
3541,1942-02-28
3545,1942-02-28
5417,1942-02-28
5420,1942-02-28
5421,1942-02-28
5449,1942-02-28
5565,1942-02-28
5570,1942-02-28
5567,1942-03-02
5524,1942-03-03
3592,1942-03-07
3593,1942-03-07
5422,1942-03-07
5423,1942-03-07
5424,1942-03-07
5425,1942-03-07
5426,1942-03-07
5450,1942-03-07
5451,1942-03-07
5489,1942-03-07
5523,1942-03-07
5525,1942-03-07
5526,1942-03-07
5528,1942-03-07
5568,1942-03-07
5569,1942-03-07
5571,1942-03-07
5572,1942-03-07
5427,1942-03-08
5452,1942-03-08
5573,1942-03-09
5428,1942-03-10
3588,1942-03-12
5531,1942-03-12
5575,1942-03-12
5577,1942-03-12
5429,1942-03-13
5430,1942-03-13
5454,1942-03-13
5486,1942-03-13
5529,1942-03-13
5532,1942-03-13
5533,1942-03-13
5561,1942-03-13
5574,1942-03-13
5581,1942-03-13
5453,1942-03-14
5455,1942-03-14
5479,1942-03-14
5480,1942-03-14
5527,1942-03-14
5530,1942-03-14
5566,1942-03-14
5579,1942-03-15
5104,1942-03-16
5578,1942-03-16
5481,1942-03-17
5482,1942-03-17
5484,1942-03-17
5535,1942-03-17
5576,1942-03-17
5485,1942-03-18
5564,1942-03-18
5582,1942-03-18
5483,1942-03-19
5487,1942-03-19
5537,1942-03-19
5539,1942-03-19
5580,1942-03-19
5584,1942-03-19
5585,1942-03-19
5587,1942-03-19
5456,1942-03-20
5457,1942-03-20
5488,1942-03-20
5534,1942-03-20
5536,1942-03-20
5538,1942-03-20
5540,1942-03-20
5583,1942-03-21
5586,1942-03-21
5589,1942-03-21
5592,1942-03-21
5459,1942-03-23
5460,1942-03-23
5490,1942-03-23
5491,1942-03-23
5492,1942-03-23
5608,1942-03-23
5141,1942-03-24
5160,1942-03-24
5493,1942-03-24
5588,1942-03-24
5590,1942-03-24
5594,1942-03-24
5125,1942-03-25
5167,1942-03-25
5169,1942-03-25
5170,1942-03-25
5172,1942-03-25
5177,1942-03-25
5458,1942-03-25
5494,1942-03-25
5541,1942-03-25
5542,1942-03-25
5543,1942-03-25
5591,1942-03-25
5158,1942-03-26
5165,1942-03-26
5176,1942-03-26
5461,1942-03-26
5495,1942-03-26
5496,1942-03-26
5593,1942-03-26
5596,1942-03-26
5597,1942-03-26
5173,1942-03-27
5195,1942-03-27
5196,1942-03-27
5463,1942-03-27
5544,1942-03-27
5546,1942-03-27
5595,1942-03-27
5598,1942-03-27
5600,1942-03-27
5601,1942-03-27
5609,1942-03-27
5184,1942-03-28
5189,1942-03-28
5193,1942-03-28
5462,1942-03-28
5464,1942-03-28
5497,1942-03-28
5498,1942-03-28
5499,1942-03-28
5547,1942-03-28
5603,1942-03-28
5277,1942-03-29
5500,1942-03-29
5501,1942-03-29
5548,1942-03-29
5599,1942-03-29
5602,1942-03-29
5605,1942-03-29
5545,1942-03-30
5012,1942-03-31
5203,1942-03-31
5199,1942-04-01
5215,1942-04-01
5216,1942-04-01
5465,1942-04-01
5466,1942-04-01
5502,1942-04-01
5503,1942-04-01
5504,1942-04-01
5505,1942-04-01
5506,1942-04-01
5507,1942-04-01
5549,1942-04-01
5604,1942-04-01
5606,1942-04-01
5607,1942-04-01
5610,1942-04-01
5624,1942-04-01
4857,1942-04-02
4864,1942-04-02
5006,1942-04-02
5204,1942-04-02
5217,1942-04-02
5467,1942-04-02
5551,1942-04-02
5553,1942-04-02
5625,1942-04-02
5627,1942-04-02
5628,1942-04-02
3533,1942-04-03
5226,1942-04-03
5227,1942-04-03
5233,1942-04-03
5468,1942-04-03
5469,1942-04-03
5508,1942-04-03
5550,1942-04-03
5552,1942-04-03
5554,1942-04-03
5626,1942-04-03
5630,1942-04-03
5230,1942-04-04
5240,1942-04-04
5241,1942-04-04
5236,1942-04-07
5509,1942-04-07
5510,1942-04-07
5631,1942-04-07
4670,1942-04-08
5234,1942-04-08
5238,1942-04-08
5239,1942-04-08
5511,1942-04-08
5512,1942-04-08
5555,1942-04-08
5247,1942-04-09
5250,1942-04-09
5256,1942-04-10
5261,1942-04-10
5264,1942-04-10
5470,1942-04-10
5472,1942-04-10
5513,1942-04-10
5514,1942-04-10
5515,1942-04-10
5556,1942-04-10
5557,1942-04-10
5558,1942-04-10
5563,1942-04-10
5612,1942-04-10
5633,1942-04-10
5634,1942-04-10
5635,1942-04-10
5636,1942-04-10
5248,1942-04-11
5260,1942-04-11
5262,1942-04-11
5263,1942-04-11
5471,1942-04-11
5516,1942-04-11
5517,1942-04-11
5559,1942-04-11
5560,1942-04-11
5632,1942-04-11
5637,1942-04-11
5638,1942-04-11
5639,1942-04-11
5641,1942-04-11
5611,1942-04-12
5269,1942-04-13
5281,1942-04-13
5518,1942-04-13
5298,1942-04-14
5301,1942-04-14
5473,1942-04-14
5520,1942-04-14
5640,1942-04-14
5642,1942-04-14
5713,1942-04-14
5714,1942-04-14
5297,1942-04-15
5305,1942-04-15
5307,1942-04-15
5382,1942-04-15
5474,1942-04-15
5519,1942-04-15
5522,1942-04-15
5645,1942-04-15
5648,1942-04-15
5715,1942-04-15
5291,1942-04-16
5300,1942-04-16
5302,1942-04-16
5304,1942-04-16
5310,1942-04-16
5314,1942-04-16
5321,1942-04-16
5475,1942-04-16
5521,1942-04-16
5643,1942-04-16
5644,1942-04-16
5647,1942-04-16
5688,1942-04-16
5716,1942-04-16
5287,1942-04-17
5306,1942-04-17
5309,1942-04-17
5313,1942-04-17
5325,1942-04-17
5328,1942-04-17
5476,1942-04-17
5629,1942-04-17
5649,1942-04-17
5651,1942-04-17
5689,1942-04-17
5717,1942-04-17
5285,1942-04-18
5326,1942-04-18
5333,1942-04-18
5335,1942-04-18
5346,1942-04-18
5477,1942-04-18
5653,1942-04-18
5690,1942-04-18
5691,1942-04-18
5718,1942-04-18
5738,1942-04-18
5739,1942-04-18
5308,1942-04-19
5646,1942-04-20
5650,1942-04-20
5338,1942-04-21
5340,1942-04-21
5344,1942-04-21
5356,1942-04-21
5359,1942-04-21
5342,1942-04-22
5345,1942-04-22
5654,1942-04-22
5692,1942-04-22
5693,1942-04-22
5694,1942-04-22
5719,1942-04-22
5720,1942-04-22
5367,1942-04-23
5294,1942-04-24
5349,1942-04-24
5366,1942-04-24
5369,1942-04-24
5370,1942-04-24
5372,1942-04-24
5374,1942-04-24
5658,1942-04-24
5695,1942-04-24
5696,1942-04-24
5741,1942-04-24
7129,1942-04-24
5386,1942-04-25
5389,1942-04-25
5652,1942-04-25
5655,1942-04-25
5656,1942-04-25
5657,1942-04-25
5660,1942-04-25
5697,1942-04-25
5698,1942-04-25
5722,1942-04-25
5742,1942-04-25
7130,1942-04-25
5699,1942-04-26
5721,1942-04-26
5723,1942-04-26
5613,1942-04-27
7134,1942-04-27
7138,1942-04-27
7139,1942-04-27
5661,1942-04-28
5744,1942-04-28
7145,1942-04-28
7147,1942-04-28
5478,1942-04-29
5662,1942-04-29
5665,1942-04-29
5700,1942-04-29
5703,1942-04-29
7155,1942-04-29
7158,1942-04-29
5354,1942-04-30
5614,1942-04-30
5669,1942-04-30
5670,1942-04-30
5704,1942-04-30
5705,1942-04-30
5725,1942-04-30
5726,1942-04-30
5740,1942-04-30
7168,1942-04-30
5659,1942-05-01
5664,1942-05-01
5701,1942-05-01
5706,1942-05-01
5707,1942-05-02
5743,1942-05-02
5745,1942-05-02
5672,1942-05-03
5673,1942-05-03
5702,1942-05-04
5724,1942-05-04
5727,1942-05-04
5668,1942-05-05
5674,1942-05-05
5677,1942-05-05
5728,1942-05-05
5615,1942-05-06
5678,1942-05-06
5679,1942-05-06
5680,1942-05-06
5681,1942-05-06
5708,1942-05-06
5667,1942-05-07
5671,1942-05-07
5682,1942-05-07
5709,1942-05-07
5710,1942-05-07
5729,1942-05-07
5666,1942-05-08
5711,1942-05-08
5746,1942-05-08
5675,1942-05-09
5684,1942-05-09
5712,1942-05-09
5730,1942-05-09
5731,1942-05-09
5747,1942-05-09
5748,1942-05-09
5764,1942-05-09
5765,1942-05-09
5685,1942-05-10
5676,1942-05-11
5732,1942-05-11
5749,1942-05-11
5766,1942-05-13
5683,1942-05-14
5686,1942-05-14
5733,1942-05-14
5734,1942-05-14
5840,1942-05-14
7240,1942-05-14
5687,1942-05-15
5750,1942-05-15
5751,1942-05-15
5768,1942-05-15
5769,1942-05-15
5841,1942-05-15
5842,1942-05-15
5735,1942-05-16
5752,1942-05-16
5753,1942-05-16
5767,1942-05-16
5770,1942-05-16
5773,1942-05-16
5774,1942-05-16
5843,1942-05-16
5844,1942-05-16
5846,1942-05-18
5754,1942-05-19
5771,1942-05-19
5845,1942-05-19
5848,1942-05-19
5850,1942-05-19
5736,1942-05-20
5737,1942-05-20
5772,1942-05-20
5776,1942-05-20
5847,1942-05-20
5852,1942-05-20
5854,1942-05-20
5775,1942-05-21
5777,1942-05-21
5849,1942-05-21
5851,1942-05-21
5853,1942-05-21
5778,1942-05-22
5779,1942-05-22
5805,1942-05-22
5806,1942-05-22
5807,1942-05-22
11709,1942-05-23
5755,1942-05-24
5756,1942-05-24
5857,1942-05-26
5616,1942-05-27
5757,1942-05-27
5780,1942-05-27
5858,1942-05-27
5781,1942-05-28
5782,1942-05-28
5783,1942-05-28
5808,1942-05-28
5860,1942-05-28
5784,1942-05-29
5855,1942-05-29
5861,1942-05-29
5758,1942-05-30
5785,1942-05-30
5786,1942-05-30
5809,1942-05-30
5810,1942-05-30
5856,1942-05-30
5862,1942-05-30
11710,1942-05-30
5617,1942-05-31
5760,1942-05-31
5787,1942-05-31
5788,1942-05-31
5811,1942-05-31
5864,1942-05-31
5866,1942-05-31
5789,1942-06-02
11711,1942-06-02
5759,1942-06-03
5790,1942-06-03
5812,1942-06-03
5813,1942-06-03
5865,1942-06-03
5791,1942-06-04
5792,1942-06-04
5618,1942-06-05
5814,1942-06-05
5867,1942-06-05
5869,1942-06-05
5761,1942-06-06
5793,1942-06-06
5794,1942-06-06
5815,1942-06-06
11712,1942-06-06
5795,1942-06-07
5796,1942-06-09
5797,1942-06-09
5859,1942-06-09
5762,1942-06-10
5870,1942-06-10
5763,1942-06-11
5798,1942-06-11
5872,1942-06-11
11713,1942-06-11
5799,1942-06-12
5619,1942-06-13
5800,1942-06-13
5801,1942-06-13
5802,1942-06-13
5803,1942-06-13
5804,1942-06-13
5816,1942-06-13
5817,1942-06-13
5818,1942-06-13
5820,1942-06-13
5871,1942-06-13
5873,1942-06-13
5874,1942-06-13
11714,1942-06-13
5904,1942-06-14
5819,1942-06-15
5905,1942-06-15
5879,1942-06-16
5995,1942-06-16
5876,1942-06-17
5997,1942-06-17
5998,1942-06-17
5822,1942-06-18
5880,1942-06-18
5906,1942-06-18
5821,1942-06-20
5823,1942-06-20
5824,1942-06-20
5877,1942-06-20
5881,1942-06-20
5907,1942-06-20
11715,1942-06-20
5620,1942-06-21
5882,1942-06-21
5999,1942-06-21
6000,1942-06-21
6001,1942-06-21
5908,1942-06-22
5909,1942-06-22
5825,1942-06-23
5826,1942-06-23
5621,1942-06-24
5875,1942-06-24
5878,1942-06-24
5910,1942-06-24
5911,1942-06-24
6002,1942-06-24
5827,1942-06-25
5828,1942-06-25
5883,1942-06-25
5936,1942-06-25
6003,1942-06-25
6005,1942-06-25
5829,1942-06-27
5884,1942-06-27
5885,1942-06-27
5886,1942-06-27
5912,1942-06-27
5934,1942-06-27
5935,1942-06-27
5937,1942-06-27
5940,1942-06-27
5994,1942-06-27
6006,1942-06-27
11716,1942-06-27
5913,1942-06-28
5830,1942-06-29
5938,1942-06-29
5622,1942-06-30
5939,1942-06-30
5941,1942-06-30
6008,1942-06-30
11717,1942-06-30
11718,1942-06-30
5623,1942-07-01
5944,1942-07-01
5831,1942-07-02
5914,1942-07-02
6004,1942-07-02
6010,1942-07-02
6011,1942-07-02
5887,1942-07-04
5888,1942-07-04
5915,1942-07-04
5943,1942-07-04
5947,1942-07-04
5949,1942-07-04
6007,1942-07-04
5832,1942-07-05
5948,1942-07-05
6012,1942-07-05
11719,1942-07-05
5889,1942-07-06
5942,1942-07-06
5946,1942-07-06
5833,1942-07-07
5890,1942-07-08
5916,1942-07-08
5917,1942-07-08
5951,1942-07-08
6015,1942-07-08
5834,1942-07-09
5945,1942-07-09
5952,1942-07-09
5953,1942-07-09
6009,1942-07-09
5891,1942-07-10
5918,1942-07-10
5835,1942-07-11
5919,1942-07-11
5950,1942-07-11
5955,1942-07-11
5996,1942-07-11
6013,1942-07-11
6018,1942-07-11
6019,1942-07-11
6021,1942-07-11
6040,1942-07-11
5954,1942-07-12
5957,1942-07-12
5958,1942-07-12
5920,1942-07-13
11721,1942-07-13
5836,1942-07-14
5892,1942-07-15
5893,1942-07-15
5921,1942-07-15
5959,1942-07-15
6014,1942-07-15
6016,1942-07-15
6023,1942-07-15
6024,1942-07-15
5960,1942-07-16
5837,1942-07-17
5838,1942-07-17
5922,1942-07-17
6017,1942-07-17
6025,1942-07-17
6041,1942-07-18
5923,1942-07-19
5961,1942-07-19
6020,1942-07-19
6027,1942-07-19
6028,1942-07-19
6022,1942-07-20
11723,1942-07-20
5894,1942-07-21
5924,1942-07-21
5963,1942-07-21
5964,1942-07-21
5839,1942-07-22
5895,1942-07-23
5925,1942-07-23
5965,1942-07-23
5966,1942-07-23
5969,1942-07-23
6026,1942-07-23
6030,1942-07-23
5896,1942-07-24
5898,1942-07-24
5926,1942-07-24
5967,1942-07-24
6029,1942-07-24
6034,1942-07-24
5927,1942-07-25
5928,1942-07-25
5968,1942-07-25
6052,1942-07-25
6036,1942-07-26
6053,1942-07-26
5970,1942-07-27
6031,1942-07-27
11720,1942-07-27
6032,1942-07-28
5897,1942-07-29
5899,1942-07-29
5971,1942-07-30
6033,1942-07-31
6038,1942-07-31
5972,1942-08-01
6035,1942-08-01
11722,1942-08-03
5902,1942-08-04
5973,1942-08-04
5901,1942-08-05
6037,1942-08-05
5929,1942-08-06
5977,1942-08-06
6098,1942-08-06
5976,1942-08-07
6039,1942-08-07
6083,1942-08-07
5930,1942-08-08
5900,1942-08-09
5931,1942-08-09
5979,1942-08-09
6054,1942-08-09
6082,1942-08-09
6099,1942-08-09
6100,1942-08-09
6102,1942-08-09
5974,1942-08-11
5978,1942-08-11
6101,1942-08-11
5932,1942-08-12
5962,1942-08-12
5980,1942-08-12
6042,1942-08-12
6055,1942-08-12
6081,1942-08-12
6103,1942-08-12
6056,1942-08-13
6079,1942-08-13
6104,1942-08-13
11724,1942-08-13
5903,1942-08-14
5933,1942-08-14
5981,1942-08-14
6043,1942-08-14
6057,1942-08-14
6080,1942-08-14
6105,1942-08-14
5975,1942-08-16
5984,1942-08-16
5985,1942-08-16
6058,1942-08-16
6086,1942-08-16
11725,1942-08-16
6106,1942-08-17
6107,1942-08-17
6147,1942-08-17
6084,1942-08-18
6108,1942-08-18
5982,1942-08-19
6059,1942-08-19
6109,1942-08-19
5986,1942-08-20
5988,1942-08-20
6078,1942-08-20
6110,1942-08-21
3526,1942-08-22
5987,1942-08-22
5989,1942-08-22
5990,1942-08-22
6087,1942-08-22
6089,1942-08-22
6111,1942-08-22
5991,1942-08-23
6112,1942-08-23
11726,1942-08-23
5992,1942-08-24
6044,1942-08-24
6091,1942-08-24
6113,1942-08-24
6149,1942-08-24
6150,1942-08-24
5993,1942-08-25
6085,1942-08-25
6114,1942-08-26
6190,1942-08-26
11736,1942-08-26
6189,1942-08-27
6191,1942-08-27
6088,1942-08-28
6115,1942-08-28
6151,1942-08-28
6092,1942-08-29
11730,1942-08-29
11737,1942-08-29
11741,1942-08-29
6045,1942-08-30
6060,1942-08-30
6090,1942-08-30
6116,1942-08-30
6193,1942-08-30
11728,1942-08-30
6046,1942-08-31
6047,1942-08-31
6094,1942-08-31
6117,1942-08-31
6118,1942-08-31
6192,1942-08-31
6194,1942-08-31
6195,1942-08-31
6197,1942-08-31
11727,1942-08-31
11729,1942-08-31
6095,1942-09-01
11732,1942-09-01
11739,1942-09-01
11743,1942-09-01
6119,1942-09-02
6127,1942-09-02
11731,1942-09-02
11738,1942-09-02
11744,1942-09-02
6093,1942-09-03
6152,1942-09-04
11733,1942-09-04
11734,1942-09-04
11735,1942-09-04
11740,1942-09-04
6048,1942-09-05
6120,1942-09-05
6200,1942-09-05
6201,1942-09-05
11745,1942-09-05
6128,1942-09-06
6196,1942-09-06
6199,1942-09-06
6202,1942-09-06
11742,1942-09-06
11746,1942-09-07
11788,1942-09-07
6121,1942-09-08
6129,1942-09-08
6135,1942-09-08
11747,1942-09-08
11764,1942-09-08
11765,1942-09-08
6097,1942-09-09
6131,1942-09-09
6203,1942-09-09
11785,1942-09-09
6205,1942-09-10
6206,1942-09-10
11748,1942-09-10
11749,1942-09-10
11766,1942-09-10
11767,1942-09-10
11786,1942-09-10
5983,1942-09-11
6122,1942-09-11
6130,1942-09-11
6204,1942-09-11
6207,1942-09-11
6208,1942-09-11
6209,1942-09-11
6211,1942-09-11
11768,1942-09-11
11770,1942-09-11
11750,1942-09-12
11769,1942-09-12
11771,1942-09-12
11787,1942-09-12
11789,1942-09-12
6124,1942-09-13
6212,1942-09-13
11751,1942-09-13
6133,1942-09-14
6096,1942-09-15
6213,1942-09-15
11752,1942-09-15
11772,1942-09-15
11773,1942-09-15
6214,1942-09-16
6216,1942-09-16
6123,1942-09-17
6125,1942-09-17
6136,1942-09-17
6153,1942-09-17
6154,1942-09-17
6217,1942-09-17
11753,1942-09-17
6134,1942-09-18
6161,1942-09-18
6218,1942-09-18
6219,1942-09-18
6139,1942-09-19
6155,1942-09-19
6220,1942-09-19
6224,1942-09-19
11754,1942-09-19
11755,1942-09-19
11774,1942-09-19
11775,1942-09-19
6132,1942-09-20
6126,1942-09-22
6160,1942-09-22
11756,1942-09-22
11776,1942-09-22
6137,1942-09-23
6138,1942-09-23
6223,1942-09-23
6226,1942-09-23
6156,1942-09-24
6162,1942-09-24
6221,1942-09-24
6225,1942-09-24
11757,1942-09-24
6163,1942-09-25
6164,1942-09-25
6229,1942-09-25
6230,1942-09-25
11758,1942-09-25
11759,1942-09-25
11777,1942-09-25
6165,1942-09-26
6228,1942-09-26
6231,1942-09-26
6232,1942-09-26
6233,1942-09-26
11778,1942-09-26
6141,1942-09-27
6142,1942-09-27
6143,1942-09-27
6166,1942-09-28
11760,1942-09-28
6140,1942-09-29
6167,1942-09-29
6235,1942-09-29
6157,1942-09-30
6265,1942-09-30
11761,1942-09-30
11762,1942-09-30
6168,1942-10-01
6049,1942-10-02
6169,1942-10-02
6170,1942-10-02
6236,1942-10-02
6264,1942-10-02
6062,1942-10-03
6063,1942-10-03
6171,1942-10-03
6267,1942-10-03
11763,1942-10-03
6145,1942-10-05
6266,1942-10-05
6064,1942-10-06
6144,1942-10-06
6066,1942-10-08
6270,1942-10-08
11779,1942-10-08
11780,1942-10-08
11790,1942-10-08
11791,1942-10-08
6065,1942-10-09
6068,1942-10-09
6272,1942-10-09
6069,1942-10-10
6158,1942-10-10
6172,1942-10-10
6173,1942-10-10
6174,1942-10-10
6175,1942-10-10
6269,1942-10-10
6271,1942-10-10
11781,1942-10-10
11782,1942-10-10
6176,1942-10-11
6210,1942-10-11
6215,1942-10-11
6227,1942-10-11
6234,1942-10-11
11792,1942-10-11
6222,1942-10-12
11783,1942-10-12
6159,1942-10-13
6050,1942-10-14
6067,1942-10-14
6268,1942-10-14
6275,1942-10-14
11784,1942-10-14
11830,1942-10-14
6276,1942-10-15
11793,1942-10-15
6070,1942-10-16
6072,1942-10-16
6237,1942-10-16
11794,1942-10-16
11831,1942-10-16
6071,1942-10-17
6073,1942-10-17
6076,1942-10-17
6177,1942-10-17
6238,1942-10-17
6274,1942-10-17
6278,1942-10-17
11795,1942-10-17
11832,1942-10-17
6074,1942-10-18
6179,1942-10-18
11833,1942-10-18
6075,1942-10-19
6146,1942-10-19
6077,1942-10-20
6178,1942-10-21
6180,1942-10-21
6181,1942-10-21
6182,1942-10-21
6255,1942-10-21
6256,1942-10-21
11796,1942-10-21
11797,1942-10-21
6239,1942-10-22
6257,1942-10-22
6258,1942-10-22
6277,1942-10-22
11798,1942-10-22
11834,1942-10-22
6184,1942-10-23
6061,1942-10-24
6183,1942-10-24
6259,1942-10-24
6260,1942-10-24
6261,1942-10-24
6279,1942-10-24
6280,1942-10-24
6286,1942-10-24
11799,1942-10-24
11800,1942-10-24
11835,1942-10-24
6185,1942-10-25
6186,1942-10-25
6262,1942-10-25
6240,1942-10-27
6263,1942-10-27
11836,1942-10-27
11837,1942-10-27
6187,1942-10-28
6188,1942-10-28
6726,1942-10-28
11801,1942-10-28
6288,1942-10-29
6691,1942-10-30
6692,1942-10-30
6727,1942-10-30
6728,1942-10-30
6051,1942-10-31
6241,1942-10-31
6242,1942-10-31
6282,1942-10-31
6283,1942-10-31
6285,1942-10-31
6693,1942-10-31
6729,1942-10-31
6730,1942-10-31
6732,1942-10-31
6734,1942-10-31
11802,1942-10-31
11803,1942-10-31
11804,1942-10-31
11838,1942-10-31
11839,1942-10-31
11840,1942-10-31
6243,1942-11-06
6273,1942-11-06
6694,1942-11-06
6695,1942-11-06
6735,1942-11-06
6736,1942-11-06
11805,1942-11-06
11841,1942-11-06
11842,1942-11-06
6289,1942-11-07
6290,1942-11-07
6293,1942-11-07
6696,1942-11-07
11806,1942-11-07
11843,1942-11-07
6281,1942-11-08
6737,1942-11-09
6738,1942-11-09
6287,1942-11-10
6698,1942-11-10
6739,1942-11-10
6740,1942-11-10
11845,1942-11-10
6681,1942-11-13
6697,1942-11-13
6699,1942-11-13
6700,1942-11-13
6731,1942-11-13
6741,1942-11-13
6742,1942-11-13
11844,1942-11-13
11846,1942-11-13
6701,1942-11-14
6743,1942-11-14
6746,1942-11-14
11807,1942-11-14
11808,1942-11-14
11809,1942-11-14
6284,1942-11-15
6702,1942-11-16
11810,1942-11-16
6703,1942-11-17
11847,1942-11-17
6291,1942-11-18
6744,1942-11-18
6244,1942-11-21
6245,1942-11-21
6254,1942-11-21
6292,1942-11-21
6682,1942-11-21
6683,1942-11-21
6685,1942-11-21
6704,1942-11-21
6705,1942-11-21
6706,1942-11-21
6707,1942-11-21
6745,1942-11-21
6748,1942-11-21
6749,1942-11-21
6750,1942-11-21
6751,1942-11-21
8777,1942-11-21
11811,1942-11-21
11812,1942-11-21
11813,1942-11-21
11848,1942-11-21
11877,1942-11-21
11814,1942-11-22
11849,1942-11-22
11878,1942-11-23
6752,1942-11-24
8776,1942-11-24
8778,1942-11-24
11850,1942-11-24
6246,1942-11-25
6248,1942-11-25
6686,1942-11-25
6709,1942-11-25
6753,1942-11-25
11815,1942-11-25
11851,1942-11-25
11852,1942-11-25
6764,1942-11-26
8779,1942-11-26
11816,1942-11-26
11879,1942-11-26
6684,1942-11-27
6687,1942-11-27
6733,1942-11-27
6708,1942-11-28
6711,1942-11-28
6754,1942-11-28
6755,1942-11-28
8780,1942-11-28
11817,1942-11-28
11818,1942-11-28
11853,1942-11-28
11880,1942-11-28
6247,1942-11-29
6710,1942-11-29
6756,1942-11-29
6757,1942-11-29
11854,1942-11-29
6689,1942-11-30
6747,1942-11-30
6758,1942-11-30
6759,1942-11-30
6783,1942-11-30
8781,1942-11-30
11819,1942-11-30
11855,1942-11-30
11856,1942-11-30
11857,1942-11-30
6249,1942-12-01
6688,1942-12-01
6761,1942-12-01
6782,1942-12-01
11881,1942-12-01
6762,1942-12-02
6886,1942-12-02
6690,1942-12-04
6712,1942-12-04
6713,1942-12-04
6765,1942-12-04
6786,1942-12-04
6787,1942-12-04
6814,1942-12-04
6815,1942-12-04
11882,1942-12-04
6714,1942-12-05
11858,1942-12-05
6250,1942-12-06
6818,1942-12-06
6890,1942-12-06
6715,1942-12-07
6790,1942-12-07
6816,1942-12-07
8782,1942-12-08
11820,1942-12-08
11859,1942-12-08
6716,1942-12-09
11821,1942-12-09
11861,1942-12-09
6788,1942-12-10
8783,1942-12-10
11822,1942-12-10
11860,1942-12-10
6717,1942-12-11
6766,1942-12-11
6817,1942-12-11
6819,1942-12-11
8784,1942-12-11
11823,1942-12-11
11862,1942-12-11
11863,1942-12-11
6820,1942-12-12
11824,1942-12-12
11883,1942-12-12
6791,1942-12-13
11884,1942-12-13
11864,1942-12-14
6718,1942-12-15
6721,1942-12-15
6821,1942-12-15
8785,1942-12-15
11865,1942-12-15
6792,1942-12-16
6719,1942-12-17
6785,1942-12-17
6822,1942-12-17
6823,1942-12-17
6824,1942-12-17
6722,1942-12-19
6813,1942-12-19
6826,1942-12-19
6827,1942-12-19
8786,1942-12-19
6720,1942-12-20
6724,1942-12-20
6725,1942-12-20
6784,1942-12-20
6789,1942-12-20
6793,1942-12-20
6801,1942-12-20
6825,1942-12-20
6828,1942-12-20
6829,1942-12-20
11866,1942-12-20
6723,1942-12-21
11825,1942-12-21
6804,1942-12-22
6830,1942-12-22
11826,1942-12-22
11827,1942-12-22
6767,1942-12-23
6831,1942-12-23
6832,1942-12-23
6833,1942-12-23
6835,1942-12-23
8787,1942-12-23
11828,1942-12-23
11867,1942-12-23
6781,1942-12-24
6802,1942-12-24
6803,1942-12-24
11868,1942-12-24
6795,1942-12-29
6798,1942-12-30
6806,1942-12-30
6836,1942-12-30
8788,1942-12-30
11869,1942-12-30
11871,1942-12-30
6796,1942-12-31
6807,1942-12-31
6837,1942-12-31
6866,1942-12-31
8789,1942-12-31
11829,1942-12-31
11872,1942-12-31
11885,1942-12-31
8790,1943-01-01
11870,1943-01-01
6768,1943-01-02
6805,1943-01-02
6839,1943-01-02
6840,1943-01-02
6841,1943-01-02
11873,1943-01-02
11874,1943-01-02
11887,1943-01-02
6867,1943-01-04
6251,1943-01-08
6252,1943-01-08
6769,1943-01-08
6797,1943-01-08
6800,1943-01-08
6810,1943-01-08
6811,1943-01-08
6812,1943-01-08
6842,1943-01-08
6843,1943-01-08
6932,1943-01-08
6933,1943-01-08
6934,1943-01-08
8791,1943-01-08
8792,1943-01-08
11875,1943-01-08
11876,1943-01-08
11888,1943-01-08
11889,1943-01-08
11890,1943-01-08
11893,1943-01-08
16078,1943-01-08
16079,1943-01-08
6838,1943-01-09
6845,1943-01-09
6868,1943-01-09
6935,1943-01-09
11886,1943-01-09
16080,1943-01-09
6794,1943-01-11
6799,1943-01-11
6936,1943-01-11
6253,1943-01-13
6808,1943-01-13
6834,1943-01-13
6844,1943-01-13
6846,1943-01-13
6848,1943-01-13
6869,1943-01-13
6937,1943-01-13
6938,1943-01-13
8793,1943-01-13
11891,1943-01-13
11892,1943-01-13
6847,1943-01-14
6939,1943-01-14
6940,1943-01-14
8794,1943-01-14
6770,1943-01-15
6809,1943-01-15
6870,1943-01-15
6872,1943-01-15
6873,1943-01-15
6941,1943-01-15
6942,1943-01-15
8795,1943-01-15
11894,1943-01-15
11895,1943-01-15
11896,1943-01-15
16081,1943-01-15
6849,1943-01-16
6852,1943-01-16
6943,1943-01-16
16082,1943-01-16
16083,1943-01-16
6874,1943-01-17
11897,1943-01-17
6850,1943-01-18
6944,1943-01-18
8796,1943-01-19
6851,1943-01-20
6853,1943-01-20
6854,1943-01-20
6856,1943-01-20
6946,1943-01-20
8797,1943-01-20
8803,1943-01-20
16084,1943-01-20
6855,1943-01-21
6947,1943-01-21
11898,1943-01-21
11899,1943-01-21
6857,1943-01-22
6875,1943-01-22
16085,1943-01-22
6871,1943-01-23
6876,1943-01-23
6877,1943-01-23
6880,1943-01-23
6945,1943-01-23
6948,1943-01-23
6949,1943-01-23
8798,1943-01-23
11900,1943-01-23
11901,1943-01-23
16099,1943-01-23
16086,1943-01-25
6859,1943-01-26
6879,1943-01-26
6881,1943-01-26
6950,1943-01-26
8799,1943-01-26
11902,1943-01-26
6858,1943-01-27
6887,1943-01-27
6951,1943-01-27
6952,1943-01-27
11903,1943-01-27
6882,1943-01-28
6883,1943-01-28
6860,1943-01-29
6861,1943-01-29
6862,1943-01-29
6884,1943-01-29
6885,1943-01-29
6953,1943-01-29
6954,1943-01-29
11904,1943-01-29
16098,1943-01-29
6998,1943-01-30
8800,1943-01-30
8801,1943-01-30
6863,1943-02-01
6955,1943-02-02
6956,1943-02-02
8802,1943-02-02
11905,1943-02-02
16087,1943-02-02
6864,1943-02-03
6865,1943-02-03
6957,1943-02-03
6997,1943-02-03
6888,1943-02-04
6892,1943-02-04
6999,1943-02-04
7001,1943-02-04
8809,1943-02-04
8810,1943-02-04
6891,1943-02-05
6958,1943-02-05
6959,1943-02-05
6889,1943-02-06
6893,1943-02-06
7000,1943-02-06
8811,1943-02-06
11906,1943-02-06
16100,1943-02-06
6960,1943-02-08
7003,1943-02-08
8812,1943-02-08
16101,1943-02-08
6894,1943-02-09
6961,1943-02-09
16088,1943-02-09
6772,1943-02-11
6895,1943-02-11
6896,1943-02-11
7002,1943-02-11
7007,1943-02-11
16089,1943-02-11
16090,1943-02-11
6897,1943-02-12
6912,1943-02-12
6965,1943-02-12
7004,1943-02-12
8815,1943-02-12
6898,1943-02-13
6899,1943-02-13
6963,1943-02-13
6964,1943-02-13
8816,1943-02-13
16091,1943-02-13
7008,1943-02-14
7009,1943-02-14
16092,1943-02-16
16093,1943-02-16
6966,1943-02-17
8813,1943-02-17
16094,1943-02-17
16095,1943-02-17
6773,1943-02-18
6900,1943-02-18
7010,1943-02-18
6774,1943-02-19
6913,1943-02-19
6914,1943-02-19
6968,1943-02-19
7006,1943-02-19
8818,1943-02-19
8819,1943-02-19
16096,1943-02-19
16097,1943-02-19
6969,1943-02-20
8820,1943-02-20
8821,1943-02-20
16118,1943-02-20
16119,1943-02-20
6760,1943-02-24
6775,1943-02-24
6901,1943-02-24
6916,1943-02-24
6967,1943-02-24
6970,1943-02-24
6971,1943-02-24
7011,1943-02-24
8814,1943-02-24
8822,1943-02-24
16102,1943-02-24
16120,1943-02-24
16121,1943-02-24
6917,1943-02-25
7015,1943-02-25
7016,1943-02-25
8823,1943-02-25
16122,1943-02-25
6973,1943-02-26
7012,1943-02-26
8824,1943-02-26
8825,1943-02-26
8826,1943-02-26
16124,1943-02-26
6878,1943-02-27
6902,1943-02-27
6972,1943-02-27
6974,1943-02-27
16125,1943-02-27
6776,1943-02-28
6777,1943-02-28
6915,1943-02-28
7013,1943-02-28
8827,1943-02-28
16103,1943-02-28
16123,1943-02-28
16126,1943-02-28
7014,1943-03-01
8828,1943-03-02
6903,1943-03-03
8829,1943-03-03
16127,1943-03-03
16128,1943-03-03
6778,1943-03-04
6904,1943-03-04
6919,1943-03-04
7023,1943-03-04
8804,1943-03-04
8831,1943-03-04
16106,1943-03-04
6920,1943-03-05
8830,1943-03-05
8832,1943-03-05
16129,1943-03-05
16130,1943-03-05
6905,1943-03-06
6962,1943-03-06
6975,1943-03-06
8833,1943-03-06
8834,1943-03-06
16107,1943-03-06
16131,1943-03-06
7021,1943-03-07
7024,1943-03-07
6779,1943-03-09
8835,1943-03-09
16132,1943-03-09
6921,1943-03-10
6922,1943-03-10
7025,1943-03-10
7026,1943-03-10
8836,1943-03-10
16133,1943-03-10
6976,1943-03-11
7005,1943-03-11
7050,1943-03-11
8837,1943-03-11
16134,1943-03-11
6923,1943-03-12
8838,1943-03-12
8839,1943-03-12
6780,1943-03-13
6906,1943-03-13
6924,1943-03-13
6925,1943-03-13
7051,1943-03-13
8841,1943-03-13
16135,1943-03-13
7017,1943-03-16
7018,1943-03-16
7028,1943-03-16
7052,1943-03-16
8843,1943-03-16
8844,1943-03-16
16136,1943-03-16
6926,1943-03-17
8845,1943-03-17
8846,1943-03-17
6927,1943-03-18
7029,1943-03-18
7053,1943-03-18
7054,1943-03-18
7058,1943-03-18
8842,1943-03-19
8847,1943-03-19
6907,1943-03-20
6928,1943-03-20
6977,1943-03-20
7055,1943-03-20
8848,1943-03-20
8849,1943-03-20
8850,1943-03-20
7030,1943-03-21
7031,1943-03-22
7059,1943-03-22
11907,1943-03-22
7027,1943-03-23
7032,1943-03-23
8851,1943-03-23
8852,1943-03-23
8853,1943-03-23
16137,1943-03-23
7056,1943-03-24
7062,1943-03-24
8854,1943-03-24
8855,1943-03-25
8856,1943-03-25
6929,1943-03-26
7033,1943-03-26
7060,1943-03-26
8857,1943-03-26
8859,1943-03-26
11908,1943-03-26
6930,1943-03-27
7061,1943-03-27
8858,1943-03-27
8860,1943-03-27
8861,1943-03-27
8862,1943-03-27
11909,1943-03-27
7034,1943-03-29
8863,1943-03-29
7019,1943-03-30
7064,1943-03-30
8864,1943-03-30
8865,1943-03-31
7022,1943-04-01
11910,1943-04-01
16104,1943-04-01
16105,1943-04-01
7035,1943-04-02
8866,1943-04-02
8867,1943-04-02
8868,1943-04-02
8869,1943-04-02
7036,1943-04-03
7067,1943-04-03
7068,1943-04-03
8870,1943-04-03
8871,1943-04-03
8874,1943-04-03
8875,1943-04-05
8876,1943-04-05
8878,1943-04-06
8879,1943-04-07
16108,1943-04-07
6931,1943-04-08
16109,1943-04-08
8877,1943-04-09
8880,1943-04-09
8881,1943-04-09
8882,1943-04-09
8884,1943-04-09
16111,1943-04-09
6979,1943-04-10
7070,1943-04-10
7071,1943-04-10
7072,1943-04-10
8873,1943-04-10
8883,1943-04-10
8885,1943-04-10
8886,1943-04-10
16110,1943-04-10
7065,1943-04-11
6908,1943-04-12
7020,1943-04-12
8887,1943-04-12
7037,1943-04-13
8888,1943-04-13
8889,1943-04-13
16112,1943-04-13
8890,1943-04-14
8891,1943-04-14
8892,1943-04-14
6980,1943-04-15
8894,1943-04-15
16113,1943-04-15
16114,1943-04-15
7073,1943-04-16
7074,1943-04-16
8893,1943-04-16
8895,1943-04-16
8896,1943-04-16
8897,1943-04-16
6909,1943-04-17
6910,1943-04-17
6981,1943-04-17
6982,1943-04-17
7069,1943-04-17
7075,1943-04-17
7076,1943-04-17
8898,1943-04-17
11065,1943-04-17
16115,1943-04-17
7038,1943-04-19
7066,1943-04-19
8899,1943-04-19
8900,1943-04-20
8901,1943-04-20
11992,1943-04-20
7039,1943-04-21
8902,1943-04-21
8903,1943-04-21
8904,1943-04-21
11968,1943-04-21
11993,1943-04-21
6983,1943-04-22
8905,1943-04-22
8906,1943-04-22
6911,1943-04-23
6984,1943-04-23
11994,1943-04-23
16116,1943-04-23
16117,1943-04-23
11995,1943-04-24
7040,1943-04-28
8872,1943-04-28
8908,1943-04-28
8909,1943-04-28
8910,1943-04-28
11969,1943-04-28
8911,1943-04-29
11970,1943-04-29
11996,1943-04-29
8907,1943-04-30
11971,1943-04-30
6987,1943-05-01
7041,1943-05-01
8913,1943-05-01
8914,1943-05-01
7042,1943-05-02
8915,1943-05-03
11972,1943-05-03
11974,1943-05-04
11999,1943-05-04
6991,1943-05-05
8916,1943-05-05
8917,1943-05-05
6992,1943-05-06
8918,1943-05-06
11973,1943-05-06
12000,1943-05-06
12001,1943-05-06
7043,1943-05-07
7044,1943-05-07
8919,1943-05-07
11975,1943-05-07
6985,1943-05-08
6993,1943-05-08
8920,1943-05-08
11976,1943-05-08
12016,1943-05-08
11977,1943-05-09
12003,1943-05-09
6986,1943-05-11
7045,1943-05-11
8921,1943-05-11
8922,1943-05-11
8923,1943-05-11
8926,1943-05-12
11978,1943-05-12
12017,1943-05-12
12018,1943-05-12
6994,1943-05-13
8925,1943-05-13
8927,1943-05-13
11979,1943-05-13
11980,1943-05-13
12019,1943-05-13
12020,1943-05-13
12021,1943-05-13
6989,1943-05-14
7047,1943-05-14
8924,1943-05-14
11981,1943-05-14
12002,1943-05-14
12023,1943-05-14
16688,1943-05-14
6990,1943-05-15
6995,1943-05-15
8928,1943-05-15
8929,1943-05-15
11982,1943-05-15
7046,1943-05-16
12022,1943-05-16
16684,1943-05-16
11983,1943-05-17
6996,1943-05-18
8930,1943-05-18
11985,1943-05-18
12004,1943-05-18
12025,1943-05-18
16682,1943-05-18
7049,1943-05-19
8931,1943-05-19
8932,1943-05-19
8934,1943-05-19
16683,1943-05-19
8936,1943-05-20
12027,1943-05-20
7077,1943-05-21
8933,1943-05-21
8935,1943-05-21
8937,1943-05-21
8938,1943-05-21
8939,1943-05-21
11984,1943-05-21
12026,1943-05-21
12028,1943-05-21
12029,1943-05-21
8940,1943-05-22
8941,1943-05-22
11986,1943-05-22
11987,1943-05-22
11988,1943-05-22
12031,1943-05-22
8942,1943-05-24
11989,1943-05-24
8943,1943-05-25
11990,1943-05-25
12006,1943-05-25
16690,1943-05-25
7048,1943-05-26
7078,1943-05-26
7079,1943-05-26
7087,1943-05-26
8944,1943-05-26
8945,1943-05-26
11991,1943-05-26
12032,1943-05-26
8946,1943-05-27
8947,1943-05-27
12007,1943-05-27
12033,1943-05-27
12034,1943-05-27
7081,1943-05-28
8948,1943-05-28
8949,1943-05-28
8950,1943-05-28
12008,1943-05-28
12035,1943-05-28
16687,1943-05-28
7082,1943-05-29
7088,1943-05-29
8805,1943-05-29
8951,1943-05-29
8952,1943-05-29
8980,1943-05-29
11252,1943-05-29
7080,1943-05-30
8953,1943-05-30
8981,1943-05-30
12036,1943-05-30
7089,1943-05-31
8982,1943-05-31
12009,1943-05-31
12037,1943-05-31
7083,1943-06-01
7085,1943-06-01
8954,1943-06-01
12010,1943-06-01
7084,1943-06-02
7090,1943-06-02
8955,1943-06-02
8956,1943-06-02
7086,1943-06-03
8957,1943-06-03
8958,1943-06-03
8959,1943-06-03
8983,1943-06-03
7091,1943-06-04
8960,1943-06-04
8961,1943-06-04
12005,1943-06-04
12038,1943-06-04
16686,1943-06-04
8962,1943-06-05
8963,1943-06-05
8984,1943-06-05
8985,1943-06-05
12011,1943-06-05
12039,1943-06-05
8964,1943-06-06
8986,1943-06-07
7092,1943-06-08
8965,1943-06-08
8969,1943-06-08
8987,1943-06-08
8966,1943-06-09
8967,1943-06-09
8968,1943-06-09
8973,1943-06-09
8989,1943-06-09
12012,1943-06-09
12013,1943-06-09
12040,1943-06-09
16691,1943-06-09
8970,1943-06-10
8988,1943-06-10
7093,1943-06-11
8971,1943-06-11
8972,1943-06-11
8990,1943-06-11
7094,1943-06-12
8976,1943-06-12
8991,1943-06-12
8992,1943-06-12
8974,1943-06-15
8975,1943-06-16
9004,1943-06-16
7095,1943-06-17
9005,1943-06-17
12014,1943-06-17
7096,1943-06-18
7097,1943-06-19
7099,1943-06-19
8977,1943-06-19
8978,1943-06-19
8993,1943-06-19
9041,1943-06-19
16698,1943-06-19
9044,1943-06-20
9040,1943-06-21
16689,1943-06-21
7098,1943-06-22
8979,1943-06-22
8994,1943-06-22
9006,1943-06-22
9042,1943-06-22
9043,1943-06-22
9045,1943-06-22
9046,1943-06-22
7100,1943-06-23
9048,1943-06-23
9050,1943-06-23
16700,1943-06-23
9007,1943-06-24
9009,1943-06-24
9052,1943-06-24
12041,1943-06-24
16693,1943-06-24
7101,1943-06-25
9049,1943-06-25
9051,1943-06-25
9053,1943-06-25
12015,1943-06-25
8995,1943-06-26
9010,1943-06-26
9011,1943-06-26
9014,1943-06-26
9054,1943-06-26
9055,1943-06-26
9057,1943-06-26
16702,1943-06-26
9008,1943-06-27
9056,1943-06-27
9058,1943-06-27
16696,1943-06-27
9060,1943-06-28
9062,1943-06-28
12042,1943-06-28
7102,1943-06-29
9012,1943-06-29
9013,1943-06-29
9059,1943-06-29
9061,1943-06-29
9063,1943-06-29
16697,1943-06-29
16705,1943-06-29
9015,1943-06-30
9016,1943-06-30
9064,1943-06-30
12043,1943-06-30
7103,1943-07-01
8996,1943-07-01
9065,1943-07-01
9066,1943-07-01
16694,1943-07-01
9017,1943-07-02
9067,1943-07-02
9068,1943-07-02
9069,1943-07-02
12044,1943-07-02
9018,1943-07-03
9019,1943-07-03
9070,1943-07-03
9072,1943-07-03
11959,1943-07-03
9020,1943-07-05
7104,1943-07-06
7105,1943-07-06
9071,1943-07-06
9073,1943-07-06
9074,1943-07-06
7106,1943-07-07
9075,1943-07-07
9076,1943-07-07
9077,1943-07-07
8997,1943-07-08
9021,1943-07-08
9022,1943-07-08
9078,1943-07-08
9079,1943-07-08
9080,1943-07-08
12045,1943-07-08
16703,1943-07-08
9023,1943-07-09
9024,1943-07-09
9025,1943-07-09
9082,1943-07-09
9083,1943-07-09
9085,1943-07-09
7107,1943-07-10
8998,1943-07-10
9026,1943-07-10
9084,1943-07-10
9086,1943-07-12
11960,1943-07-12
7108,1943-07-13
9088,1943-07-13
9089,1943-07-13
9028,1943-07-14
9029,1943-07-14
9087,1943-07-14
9090,1943-07-14
9092,1943-07-14
8999,1943-07-15
9030,1943-07-15
7109,1943-07-16
7110,1943-07-16
9027,1943-07-16
9091,1943-07-16
9094,1943-07-16
9095,1943-07-16
11961,1943-07-16
12046,1943-07-16
7111,1943-07-17
9000,1943-07-17
9033,1943-07-17
9093,1943-07-17
9096,1943-07-17
9097,1943-07-17
9099,1943-07-17
9032,1943-07-19
9034,1943-07-19
9100,1943-07-19
9101,1943-07-19
12047,1943-07-19
9035,1943-07-20
9102,1943-07-20
16706,1943-07-20
9103,1943-07-21
11962,1943-07-21
9001,1943-07-22
9038,1943-07-22
9039,1943-07-22
9098,1943-07-22
9104,1943-07-22
9108,1943-07-22
9138,1943-07-22
12048,1943-07-22
6988,1943-07-23
7112,1943-07-23
7114,1943-07-23
9105,1943-07-23
9106,1943-07-23
12049,1943-07-23
7113,1943-07-24
9037,1943-07-24
9107,1943-07-24
9109,1943-07-24
9110,1943-07-24
9111,1943-07-24
9136,1943-07-24
12405,1943-07-24
9112,1943-07-25
16704,1943-07-27
11655,1943-07-28
16699,1943-07-30
9036,1943-08-04
9113,1943-08-05
16701,1943-08-05
9114,1943-08-06
9139,1943-08-06
9140,1943-08-06
12435,1943-08-06
7115,1943-08-07
9137,1943-08-07
9141,1943-08-07
11963,1943-08-07
12050,1943-08-07
12433,1943-08-07
9116,1943-08-08
9117,1943-08-09
9142,1943-08-09
9115,1943-08-10
9118,1943-08-10
9119,1943-08-10
9120,1943-08-10
9143,1943-08-10
9144,1943-08-10
7117,1943-08-11
9002,1943-08-11
9121,1943-08-11
9145,1943-08-11
7116,1943-08-12
9003,1943-08-12
9122,1943-08-12
9123,1943-08-12
9124,1943-08-12
9146,1943-08-12
11964,1943-08-12
7118,1943-08-13
7119,1943-08-13
7120,1943-08-13
9147,1943-08-13
9160,1943-08-13
11965,1943-08-13
9125,1943-08-14
9126,1943-08-14
9127,1943-08-14
9149,1943-08-14
11966,1943-08-15
9128,1943-08-16
9129,1943-08-16
12064,1943-08-16
9130,1943-08-17
9131,1943-08-17
9132,1943-08-17
9148,1943-08-17
9150,1943-08-17
9134,1943-08-18
12052,1943-08-18
12065,1943-08-18
9135,1943-08-19
9151,1943-08-19
9153,1943-08-19
9185,1943-08-19
12066,1943-08-19
8808,1943-08-20
9152,1943-08-20
9154,1943-08-20
9155,1943-08-20
9184,1943-08-20
9186,1943-08-20
9187,1943-08-20
9188,1943-08-20
9189,1943-08-20
11967,1943-08-20
12067,1943-08-20
12068,1943-08-20
9156,1943-08-21
9161,1943-08-21
9190,1943-08-21
12526,1943-08-21
9191,1943-08-22
9192,1943-08-22
9157,1943-08-23
9193,1943-08-23
9194,1943-08-24
9195,1943-08-24
9196,1943-08-24
9197,1943-08-24
9198,1943-08-24
12069,1943-08-24
9159,1943-08-25
9199,1943-08-25
9244,1943-08-25
12071,1943-08-25
9158,1943-08-26
9162,1943-08-26
9201,1943-08-26
9202,1943-08-26
9203,1943-08-26
9204,1943-08-26
9245,1943-08-26
12070,1943-08-26
9200,1943-08-27
9205,1943-08-27
9206,1943-08-27
9207,1943-08-27
9208,1943-08-27
9246,1943-08-27
9247,1943-08-27
9248,1943-08-27
9249,1943-08-27
9163,1943-08-28
9209,1943-08-28
9210,1943-08-28
12072,1943-08-28
12073,1943-08-28
12074,1943-08-28
9211,1943-08-29
9212,1943-08-29
9213,1943-08-30
9214,1943-08-30
9215,1943-08-30
9216,1943-08-30
9250,1943-08-30
9164,1943-08-31
9165,1943-08-31
9217,1943-08-31
9218,1943-08-31
12075,1943-08-31
12076,1943-08-31
9219,1943-09-01
9220,1943-09-01
9251,1943-09-01
9252,1943-09-01
12088,1943-09-01
9221,1943-09-02
9222,1943-09-02
9223,1943-09-02
9253,1943-09-02
9224,1943-09-03
9225,1943-09-03
9254,1943-09-03
9256,1943-09-03
12054,1943-09-03
9255,1943-09-04
9257,1943-09-04
9258,1943-09-04
9226,1943-09-05
9227,1943-09-06
9229,1943-09-06
9166,1943-09-07
9228,1943-09-07
9230,1943-09-07
12078,1943-09-07
12079,1943-09-07
9231,1943-09-08
9232,1943-09-08
9260,1943-09-08
9261,1943-09-08
12055,1943-09-08
12080,1943-09-08
9233,1943-09-09
9234,1943-09-09
9236,1943-09-09
12081,1943-09-09
9235,1943-09-10
9237,1943-09-10
9259,1943-09-10
9262,1943-09-10
9263,1943-09-10
9264,1943-09-10
12056,1943-09-10
12082,1943-09-10
12083,1943-09-10
12090,1943-09-10
9238,1943-09-11
9239,1943-09-11
9240,1943-09-11
9265,1943-09-11
9266,1943-09-11
9241,1943-09-13
9167,1943-09-14
9242,1943-09-14
9267,1943-09-14
9269,1943-09-14
9280,1943-09-14
9281,1943-09-14
12084,1943-09-14
9168,1943-09-15
9243,1943-09-15
9268,1943-09-15
9270,1943-09-15
9282,1943-09-15
9283,1943-09-15
12085,1943-09-15
9271,1943-09-16
9284,1943-09-16
9285,1943-09-16
9286,1943-09-16
9272,1943-09-17
9273,1943-09-17
9287,1943-09-17
9288,1943-09-17
12086,1943-09-17
12087,1943-09-17
12089,1943-09-17
9169,1943-09-18
9274,1943-09-18
9275,1943-09-18
9289,1943-09-18
9290,1943-09-18
12057,1943-09-18
9276,1943-09-20
9291,1943-09-20
9292,1943-09-20
9277,1943-09-21
9293,1943-09-21
12091,1943-09-21
9278,1943-09-22
9279,1943-09-22
9294,1943-09-22
9295,1943-09-22
9296,1943-09-22
12100,1943-09-22
12102,1943-09-22
9170,1943-09-23
9297,1943-09-23
9298,1943-09-23
9352,1943-09-23
12101,1943-09-23
12103,1943-09-23
9299,1943-09-24
9300,1943-09-24
9301,1943-09-24
9302,1943-09-24
9353,1943-09-24
9354,1943-09-24
12058,1943-09-24
12092,1943-09-24
12104,1943-09-24
9171,1943-09-25
9303,1943-09-25
9304,1943-09-25
9355,1943-09-25
9356,1943-09-25
9305,1943-09-26
9306,1943-09-26
9307,1943-09-27
9308,1943-09-28
9309,1943-09-28
9357,1943-09-28
12105,1943-09-28
12106,1943-09-28
9310,1943-09-29
9311,1943-09-29
9312,1943-09-29
9358,1943-09-29
9359,1943-09-29
9360,1943-09-29
9313,1943-09-30
9314,1943-09-30
9315,1943-09-30
9363,1943-09-30
12107,1943-09-30
9316,1943-10-01
9317,1943-10-02
9318,1943-10-02
9328,1943-10-02
9361,1943-10-02
9362,1943-10-02
9364,1943-10-02
12108,1943-10-02
9320,1943-10-04
9321,1943-10-05
9322,1943-10-05
9323,1943-10-05
9365,1943-10-05
9366,1943-10-05
12109,1943-10-05
9324,1943-10-06
9325,1943-10-06
9329,1943-10-06
9368,1943-10-06
9319,1943-10-07
9326,1943-10-07
9330,1943-10-07
9367,1943-10-07
9370,1943-10-07
9402,1943-10-07
12110,1943-10-07
9327,1943-10-08
9369,1943-10-08
9371,1943-10-08
9373,1943-10-08
12094,1943-10-08
12111,1943-10-08
9372,1943-10-09
9374,1943-10-09
9400,1943-10-09
9403,1943-10-09
9404,1943-10-09
12112,1943-10-09
9331,1943-10-10
9405,1943-10-11
9406,1943-10-11
9375,1943-10-12
9407,1943-10-12
9408,1943-10-12
9409,1943-10-12
12113,1943-10-12
12995,1943-10-12
9332,1943-10-13
9376,1943-10-13
9377,1943-10-13
9410,1943-10-13
9411,1943-10-13
9378,1943-10-14
9379,1943-10-14
9412,1943-10-14
9413,1943-10-14
12114,1943-10-14
18929,1943-10-14
9333,1943-10-15
9380,1943-10-15
9381,1943-10-15
9382,1943-10-15
9414,1943-10-15
9415,1943-10-15
9416,1943-10-15
9334,1943-10-16
9383,1943-10-16
9384,1943-10-16
9417,1943-10-16
9418,1943-10-16
12095,1943-10-16
12117,1943-10-16
12118,1943-10-16
12963,1943-10-16
9419,1943-10-18
9420,1943-10-18
9386,1943-10-19
9421,1943-10-19
9422,1943-10-19
9425,1943-10-19
9385,1943-10-20
9387,1943-10-20
9423,1943-10-20
9424,1943-10-20
12119,1943-10-20
9426,1943-10-21
9427,1943-10-21
9428,1943-10-21
12115,1943-10-21
9388,1943-10-22
9429,1943-10-22
9430,1943-10-22
12120,1943-10-22
18930,1943-10-22
9335,1943-10-23
9337,1943-10-23
9389,1943-10-23
9390,1943-10-23
9391,1943-10-23
9431,1943-10-23
12121,1943-10-23
9433,1943-10-25
9434,1943-10-25
9336,1943-10-26
9338,1943-10-26
9393,1943-10-26
9435,1943-10-26
9436,1943-10-26
12116,1943-10-26
12122,1943-10-26
9437,1943-10-27
9438,1943-10-27
9451,1943-10-27
13160,1943-10-27
16712,1943-10-27
16713,1943-10-27
9175,1943-10-28
9392,1943-10-28
9394,1943-10-28
9395,1943-10-28
9477,1943-10-28
9173,1943-10-29
9345,1943-10-29
9452,1943-10-29
16725,1943-10-29
9172,1943-10-30
9396,1943-10-30
9432,1943-10-30
9473,1943-10-30
16714,1943-10-30
16715,1943-10-30
16716,1943-10-30
9176,1943-10-31
9447,1943-10-31
16754,1943-10-31
18931,1943-10-31
9177,1943-11-02
9449,1943-11-02
9474,1943-11-02
16717,1943-11-02
9174,1943-11-03
9448,1943-11-03
9475,1943-11-03
9519,1943-11-03
9178,1943-11-04
9179,1943-11-04
9476,1943-11-04
9516,1943-11-04
16718,1943-11-04
9180,1943-11-05
9182,1943-11-05
9450,1943-11-05
9517,1943-11-05
13174,1943-11-05
16719,1943-11-05
9181,1943-11-06
9480,1943-11-06
9494,1943-11-06
16720,1943-11-06
16721,1943-11-06
9520,1943-11-08
9339,1943-11-09
9498,1943-11-09
9500,1943-11-09
9518,1943-11-09
12142,1943-11-09
18928,1943-11-09
9341,1943-11-10
9342,1943-11-10
9495,1943-11-10
16722,1943-11-10
18932,1943-11-10
9183,1943-11-11
9343,1943-11-11
9453,1943-11-11
9459,1943-11-11
9521,1943-11-11
12141,1943-11-11
16723,1943-11-11
16735,1943-11-11
9340,1943-11-12
9346,1943-11-12
9460,1943-11-12
9497,1943-11-12
12143,1943-11-12
16737,1943-11-12
9344,1943-11-13
9454,1943-11-13
9455,1943-11-13
9496,1943-11-13
9502,1943-11-13
9441,1943-11-14
18933,1943-11-14
9348,1943-11-16
9443,1943-11-16
9481,1943-11-16
9504,1943-11-16
12237,1943-11-16
9347,1943-11-17
12144,1943-11-17
12239,1943-11-17
16734,1943-11-17
16741,1943-11-17
9350,1943-11-18
9456,1943-11-18
9523,1943-11-18
16739,1943-11-18
9349,1943-11-19
9397,1943-11-19
9398,1943-11-19
9399,1943-11-19
9457,1943-11-19
9461,1943-11-19
9466,1943-11-19
12146,1943-11-19
18934,1943-11-19
18935,1943-11-19
9351,1943-11-20
9467,1943-11-20
9499,1943-11-20
9522,1943-11-20
16724,1943-11-20
9490,1943-11-21
9439,1943-11-23
9482,1943-11-23
9505,1943-11-23
9524,1943-11-23
12145,1943-11-23
16736,1943-11-23
9440,1943-11-24
9442,1943-11-24
9507,1943-11-24
9508,1943-11-24
9444,1943-11-25
9445,1943-11-25
9446,1943-11-25
12147,1943-11-25
12248,1943-11-25
16738,1943-11-25
18936,1943-11-25
9509,1943-11-26
9510,1943-11-26
12247,1943-11-26
14598,1943-11-26
16744,1943-11-26
12242,1943-11-27
12243,1943-11-27
12254,1943-11-27
16742,1943-11-27
9511,1943-11-29
9513,1943-11-29
12148,1943-11-29
12240,1943-11-29
18937,1943-11-29
9506,1943-11-30
9512,1943-11-30
10959,1943-11-30
12238,1943-11-30
12241,1943-11-30
12244,1943-11-30
12257,1943-11-30
16740,1943-11-30
18938,1943-11-30
9503,1943-12-01
12149,1943-12-01
12150,1943-12-02
12245,1943-12-02
12250,1943-12-02
14597,1943-12-02
16743,1943-12-02
9468,1943-12-03
12246,1943-12-03
12249,1943-12-03
16745,1943-12-03
16750,1943-12-03
18939,1943-12-03
9458,1943-12-04
9469,1943-12-04
10966,1943-12-04
12251,1943-12-04
12253,1943-12-04
12260,1943-12-05
9470,1943-12-07
9483,1943-12-07
12151,1943-12-07
12152,1943-12-07
12252,1943-12-07
12255,1943-12-07
12256,1943-12-07
12258,1943-12-07
16748,1943-12-07
9465,1943-12-08
9471,1943-12-08
9514,1943-12-08
10960,1943-12-08
16746,1943-12-08
16747,1943-12-08
9501,1943-12-09
10963,1943-12-09
16749,1943-12-09
10961,1943-12-10
10962,1943-12-10
10968,1943-12-10
12153,1943-12-10
12259,1943-12-10
13348,1943-12-10
18940,1943-12-10
10964,1943-12-11
10965,1943-12-11
10967,1943-12-11
10969,1943-12-11
10973,1943-12-11
10990,1943-12-11
12154,1943-12-11
12155,1943-12-11
14600,1943-12-11
16751,1943-12-11
12156,1943-12-13
18941,1943-12-13
10972,1943-12-14
12157,1943-12-14
16726,1943-12-14
16729,1943-12-14
10971,1943-12-15
10981,1943-12-15
10991,1943-12-15
9472,1943-12-16
10982,1943-12-16
10983,1943-12-16
12261,1943-12-16
16752,1943-12-16
16753,1943-12-16
10984,1943-12-17
12159,1943-12-17
9463,1943-12-18
9464,1943-12-18
10970,1943-12-18
10974,1943-12-18
10985,1943-12-18
12168,1943-12-18
16730,1943-12-18
16757,1943-12-18
18942,1943-12-18
10976,1943-12-19
10986,1943-12-19
18943,1943-12-19
10989,1943-12-20
16755,1943-12-20
10975,1943-12-21
10987,1943-12-21
9484,1943-12-22
10993,1943-12-22
11012,1943-12-22
11013,1943-12-22
12160,1943-12-22
12161,1943-12-22
9462,1943-12-23
10992,1943-12-23
11005,1943-12-23
16727,1943-12-23
16728,1943-12-23
16773,1943-12-23
18944,1943-12-23
10988,1943-12-24
12233,1943-12-24
16733,1943-12-24
12162,1943-12-28
9401,1943-12-30
10977,1943-12-30
11007,1943-12-30
11009,1943-12-30
16731,1943-12-30
16732,1943-12-30
18946,1943-12-30
9479,1943-12-31
10994,1943-12-31
11010,1943-12-31
12163,1943-12-31
12164,1943-12-31
12262,1943-12-31
18945,1943-12-31
13658,1944-01-20
15930,1944-01-25
12183,1944-01-30
14040,1944-03-01
14182,1944-03-06
14332,1944-03-26
14411,1944-04-06
14549,1944-04-26
19113,1944-05-11
15563,1944-05-12
15576,1944-05-23
15597,1944-05-23
15704,1944-05-23
15729,1944-05-25
15734,1944-05-27
15630,1944-05-30
15759,1944-05-30
15641,1944-05-31
15751,1944-05-31
15806,1944-06-05
17247,1944-06-06
17251,1944-06-07
15816,1944-06-18
17362,1944-06-20
16588,1944-06-30
18494,1944-08-05
16318,1944-08-23
16317,1944-08-24
16319,1944-08-24
16322,1944-08-24
16321,1944-08-25
16324,1944-08-28
16326,1944-08-28
16328,1944-08-30
16331,1944-08-31
16332,1944-08-31
16333,1944-08-31
16334,1944-08-31
22452,1944-08-31
16335,1944-09-01
16337,1944-09-05
17728,1944-09-05
17730,1944-09-05
17731,1944-09-06
17732,1944-09-06
22453,1944-09-08
17742,1944-09-12
17743,1944-09-12
17744,1944-09-12
17745,1944-09-13
17747,1944-09-13
17746,1944-09-15
17748,1944-09-15
17749,1944-09-15
17750,1944-09-16
17751,1944-09-16
17752,1944-09-18
17753,1944-09-19
17754,1944-09-19
17755,1944-09-19
17756,1944-09-20
17757,1944-09-20
17759,1944-09-21
17760,1944-09-22
17762,1944-09-22
17763,1944-09-23
17764,1944-09-23
17768,1944-09-25
17770,1944-09-27
17774,1944-09-27
17775,1944-09-28
17777,1944-09-28
17773,1944-09-29
17779,1944-09-29
17776,1944-09-30
17778,1944-09-30
17780,1944-10-02
17781,1944-10-03
17782,1944-10-03
17783,1944-10-03
17784,1944-10-04
17785,1944-10-05
17786,1944-10-05
17788,1944-10-05
17791,1944-10-06
17793,1944-10-09
17795,1944-10-10
17796,1944-10-10
17797,1944-10-10
17792,1944-10-12
17799,1944-10-12
17801,1944-10-12
17804,1944-10-12
17798,1944-10-14
17805,1944-10-14
17806,1944-10-16
17808,1944-10-16
17807,1944-10-17
17809,1944-10-18
17813,1944-10-18
17810,1944-10-19
17811,1944-10-19
17812,1944-10-19
17814,1944-10-19
17815,1944-10-19
17824,1944-10-25
17828,1944-10-26
17834,1944-10-28
17835,1944-10-28
17837,1944-10-29
17833,1944-10-30
17839,1944-10-30
17840,1944-10-31
20646,1944-10-31
17844,1944-11-03
17845,1944-11-03
17843,1944-11-06
19321,1944-11-06
17920,1944-12-11
14842,1944-12-14
19397,1944-12-19
14843,1944-12-21
19399,1944-12-23
19389,1945-01-05
19423,1945-01-05
15923,1945-01-08
16589,1945-01-08
10604,1945-01-09
19439,1945-01-13
19440,1945-01-13
19441,1945-01-13
10685,1945-01-17
19433,1945-01-17
19443,1945-01-17
19446,1945-01-19
19448,1945-01-19
14846,1945-01-22
19462,1945-01-31
15159,1945-02-02
17601,1945-02-02
15164,1945-02-03
15176,1945-02-03
10686,1945-02-04
15170,1945-02-04
19465,1945-02-04
15168,1945-02-05
15180,1945-02-09
15934,1945-02-10
10687,1945-02-20
16814,1945-02-22
10688,1945-02-24
16816,1945-02-24
15942,1945-02-26
10689,1945-03-03
10690,1945-04-11
10691,1945-04-16
10692,1945-04-19
22176,1945-04-23
10693,1945-04-27
10694,1945-04-28
10695,1945-05-11
10696,1945-05-15
10697,1945-05-19
10698,1945-05-26
10700,1945-06-02
10701,1945-06-09
10702,1945-06-13
10703,1945-06-22
10705,1945-06-23
10706,1945-06-26
10704,1945-06-27
10707,1945-06-29
10708,1945-06-29
10709,1945-06-29
10711,1945-07-10
10712,1945-07-24
10713,1945-07-27
10714,1945-07-27
10710,1945-07-28
10720,1945-08-02
10715,1945-08-10
10717,1945-08-17
10718,1945-08-22
10719,1945-08-23
10721,1945-08-29
10716,1945-09-06
10722,1945-09-11
10723,1945-09-14
10725,1945-09-15
10724,1945-10-11
10726,1945-10-19
10727,1945-11-09
10729,1945-11-17
10728,1945-11-20
10730,1945-11-26
10731,1945-11-27
10733,1945-12-08
10732,1945-12-14
10734,1945-12-15
22654,1946-02-06
22655,1946-02-06
10758,1946-03-14
10739,1946-03-26
10741,1946-05-10
10742,1946-06-03
10738,1946-06-13
10743,1946-06-20
10744,1946-07-09
10745,1946-07-19
10746,1946-08-13
10747,1946-08-23
10748,1946-09-07
10749,1946-09-19
10750,1946-10-05
10751,1946-10-28
10752,1946-11-18
10754,1946-12-04
10753,1946-12-16
10755,1947-01-22
10756,1947-02-06
10757,1947-03-19
22889,1948-02-24
19835,1949-04-08
22718,1949-05-28
